id,inclinations
AFWTR,144.51
AFWTR,144.24
AFWTR,144.15
AFWTR,125.04
AFWTR,120.87
AFWTR,116.9
AFWTR,114.99
AFWTR,114.97
AFWTR,114.96
AFWTR,111.55
AFWTR,111.52
AFWTR,111.51
AFWTR,111.49
AFWTR,111.4
AFWTR,111.02
AFWTR,110.96
AFWTR,110.96
AFWTR,110.95
AFWTR,110.93
AFWTR,110.93
AFWTR,110.9
AFWTR,110.8
AFWTR,110.5
AFWTR,110.5
AFWTR,110.49
AFWTR,110.48
AFWTR,110.48
AFWTR,110.45
AFWTR,110.43
AFWTR,110.42
AFWTR,110.38
AFWTR,110.24
AFWTR,110.01
AFWTR,109.96
AFWTR,109.89
AFWTR,109.84
AFWTR,109.56
AFWTR,109.53
AFWTR,108.85
AFWTR,108.76
AFWTR,108.03
AFWTR,108.02
AFWTR,107.98
AFWTR,107.98
AFWTR,107.63
AFWTR,107.62
AFWTR,107.4
AFWTR,107.01
AFWTR,106.18
AFWTR,106.11
AFWTR,106.07
AFWTR,106.02
AFWTR,105.99
AFWTR,105.78
AFWTR,104.87
AFWTR,104.67
AFWTR,103.77
AFWTR,102.94
AFWTR,102.7
AFWTR,102.54
AFWTR,102.25
AFWTR,102.06
AFWTR,101.99
AFWTR,101.88
AFWTR,101.86
AFWTR,101.78
AFWTR,101.75
AFWTR,101.74
AFWTR,101.7
AFWTR,101.69
AFWTR,101.45
AFWTR,101.27
AFWTR,101.11
AFWTR,101.01
AFWTR,101
AFWTR,100.41
AFWTR,100.34
AFWTR,100.2
AFWTR,100.1
AFWTR,100.07
AFWTR,100
AFWTR,99.98
AFWTR,99.94
AFWTR,99.92
AFWTR,99.86
AFWTR,99.8
AFWTR,99.7
AFWTR,99.53
AFWTR,99.29
AFWTR,99.19
AFWTR,99.17
AFWTR,99.15
AFWTR,99.14
AFWTR,99.11
AFWTR,99.09
AFWTR,99.08
AFWTR,99.08
AFWTR,99.04
AFWTR,99.01
AFWTR,99
AFWTR,99
AFWTR,98.99
AFWTR,98.97
AFWTR,98.95
AFWTR,98.95
AFWTR,98.94
AFWTR,98.91
AFWTR,98.89
AFWTR,98.87
AFWTR,98.84
AFWTR,98.84
AFWTR,98.83
AFWTR,98.82
AFWTR,98.81
AFWTR,98.77
AFWTR,98.77
AFWTR,98.76
AFWTR,98.76
AFWTR,98.74
AFWTR,98.74
AFWTR,98.73
AFWTR,98.73
AFWTR,98.72
AFWTR,98.68
AFWTR,98.67
AFWTR,98.65
AFWTR,98.65
AFWTR,98.63
AFWTR,98.61
AFWTR,98.61
AFWTR,98.58
AFWTR,98.58
AFWTR,98.57
AFWTR,98.57
AFWTR,98.56
AFWTR,98.54
AFWTR,98.54
AFWTR,98.54
AFWTR,98.53
AFWTR,98.52
AFWTR,98.51
AFWTR,98.5
AFWTR,98.5
AFWTR,98.48
AFWTR,98.47
AFWTR,98.46
AFWTR,98.43
AFWTR,98.36
AFWTR,98.27
AFWTR,98.26
AFWTR,98.26
AFWTR,98.24
AFWTR,98.21
AFWTR,98.2
AFWTR,98.2
AFWTR,98.2
AFWTR,98.18
AFWTR,98.18
AFWTR,98.17
AFWTR,98.14
AFWTR,98.13
AFWTR,98.12
AFWTR,98.07
AFWTR,98.05
AFWTR,98.05
AFWTR,98.01
AFWTR,97.94
AFWTR,97.92
AFWTR,97.91
AFWTR,97.9
AFWTR,97.89
AFWTR,97.89
AFWTR,97.89
AFWTR,97.89
AFWTR,97.84
AFWTR,97.82
AFWTR,97.81
AFWTR,97.79
AFWTR,97.75
AFWTR,97.63
AFWTR,97.58
AFWTR,97.56
AFWTR,97.54
AFWTR,97.46
AFWTR,97.42
AFWTR,97.4
AFWTR,97.39
AFWTR,97.34
AFWTR,97.26
AFWTR,97.23
AFWTR,97.22
AFWTR,97.08
AFWTR,97.06
AFWTR,97
AFWTR,97
AFWTR,96.93
AFWTR,96.92
AFWTR,96.92
AFWTR,96.91
AFWTR,96.91
AFWTR,96.87
AFWTR,96.86
AFWTR,96.84
AFWTR,96.8
AFWTR,96.75
AFWTR,96.75
AFWTR,96.54
AFWTR,96.54
AFWTR,96.52
AFWTR,96.48
AFWTR,96.43
AFWTR,96.43
AFWTR,96.42
AFWTR,96.41
AFWTR,96.41
AFWTR,96.35
AFWTR,96.35
AFWTR,96.34
AFWTR,96.34
AFWTR,96.3
AFWTR,96.3
AFWTR,96.3
AFWTR,96.29
AFWTR,96.28
AFWTR,96.26
AFWTR,96.25
AFWTR,96.23
AFWTR,96.22
AFWTR,96.18
AFWTR,96.15
AFWTR,96.03
AFWTR,96
AFWTR,95.85
AFWTR,95.7
AFWTR,95.67
AFWTR,95.6
AFWTR,95.6
AFWTR,95.6
AFWTR,95.6
AFWTR,95.52
AFWTR,95.5
AFWTR,95.5
AFWTR,95.37
AFWTR,94.4
AFWTR,94.37
AFWTR,94.13
AFWTR,94.05
AFWTR,93.97
AFWTR,93.97
AFWTR,93.9
AFWTR,93.9
AFWTR,93.9
AFWTR,93.88
AFWTR,93.64
AFWTR,93.23
AFWTR,92.91
AFWTR,92.9
AFWTR,92.71
AFWTR,92.13
AFWTR,92
AFWTR,91.96
AFWTR,91.49
AFWTR,91.21
AFWTR,91.05
AFWTR,90.9
AFWTR,90.9
AFWTR,90.89
AFWTR,90.6
AFWTR,90.55
AFWTR,90.5
AFWTR,90.37
AFWTR,90.34
AFWTR,90.32
AFWTR,90.31
AFWTR,90.23
AFWTR,90.23
AFWTR,90.21
AFWTR,90.21
AFWTR,90.17
AFWTR,90.15
AFWTR,90.14
AFWTR,90.14
AFWTR,90.1
AFWTR,90.06
AFWTR,90
AFWTR,90
AFWTR,89.99
AFWTR,89.98
AFWTR,89.97
AFWTR,89.96
AFWTR,89.94
AFWTR,89.94
AFWTR,89.9
AFWTR,89.89
AFWTR,89.89
AFWTR,89.89
AFWTR,89.87
AFWTR,89.85
AFWTR,89.83
AFWTR,89.82
AFWTR,89.78
AFWTR,89.77
AFWTR,89.75
AFWTR,89.75
AFWTR,89.72
AFWTR,89.69
AFWTR,89.62
AFWTR,89.56
AFWTR,89.56
AFWTR,89.53
AFWTR,89.26
AFWTR,89.24
AFWTR,89.08
AFWTR,88.86
AFWTR,88.43
AFWTR,88.42
AFWTR,88.17
AFWTR,88.03
AFWTR,87.32
AFWTR,87.25
AFWTR,86.9
AFWTR,86.67
AFWTR,86.42
AFWTR,86.42
AFWTR,86.4
AFWTR,86.4
AFWTR,86.4
AFWTR,86.4
AFWTR,86.4
AFWTR,86.4
AFWTR,86.4
AFWTR,86.4
AFWTR,86.39
AFWTR,86.39
AFWTR,86.36
AFWTR,86.35
AFWTR,86.34
AFWTR,85.93
AFWTR,85.53
AFWTR,85.11
AFWTR,85.1
AFWTR,85.1
AFWTR,85.05
AFWTR,85.01
AFWTR,85
AFWTR,85
AFWTR,85
AFWTR,84.99
AFWTR,84.98
AFWTR,84.97
AFWTR,84.55
AFWTR,84
AFWTR,83.61
AFWTR,83.4
AFWTR,83.07
AFWTR,83.07
AFWTR,83.05
AFWTR,83.05
AFWTR,83.04
AFWTR,83.03
AFWTR,83.03
AFWTR,82.96
AFWTR,82.95
AFWTR,82.89
AFWTR,82.86
AFWTR,82.79
AFWTR,82.68
AFWTR,82.62
AFWTR,82.49
AFWTR,82.38
AFWTR,82.29
AFWTR,82.28
AFWTR,82.25
AFWTR,82.23
AFWTR,82.23
AFWTR,82.19
AFWTR,82.15
AFWTR,82.15
AFWTR,82.11
AFWTR,82.08
AFWTR,82.08
AFWTR,82.08
AFWTR,82.06
AFWTR,82.03
AFWTR,82.02
AFWTR,82.02
AFWTR,81.98
AFWTR,81.96
AFWTR,81.95
AFWTR,81.94
AFWTR,81.93
AFWTR,81.89
AFWTR,81.88
AFWTR,81.88
AFWTR,81.86
AFWTR,81.83
AFWTR,81.82
AFWTR,81.64
AFWTR,81.64
AFWTR,81.63
AFWTR,81.62
AFWTR,81.61
AFWTR,81.59
AFWTR,81.55
AFWTR,81.55
AFWTR,81.53
AFWTR,81.5
AFWTR,81.48
AFWTR,81.48
AFWTR,81.47
AFWTR,81.4
AFWTR,81.39
AFWTR,81.27
AFWTR,81.18
AFWTR,81.02
AFWTR,80.97
AFWTR,80.9
AFWTR,80.83
AFWTR,80.65
AFWTR,80.63
AFWTR,80.54
AFWTR,80.47
AFWTR,80.1
AFWTR,80.1
AFWTR,80.1
AFWTR,80.1
AFWTR,80.08
AFWTR,80.08
AFWTR,80.05
AFWTR,80.01
AFWTR,80
AFWTR,79.99
AFWTR,79.99
AFWTR,79.99
AFWTR,79.97
AFWTR,79.96
AFWTR,79.95
AFWTR,79.92
AFWTR,79.9
AFWTR,79.87
AFWTR,79.8
AFWTR,79.69
AFWTR,79.65
AFWTR,78.67
AFWTR,78.59
AFWTR,76.01
AFWTR,75.87
AFWTR,75.4
AFWTR,75.12
AFWTR,75.12
AFWTR,75.09
AFWTR,75.07
AFWTR,75.06
AFWTR,75.05
AFWTR,75.03
AFWTR,75.01
AFWTR,75.01
AFWTR,75
AFWTR,75
AFWTR,75
AFWTR,74.99
AFWTR,74.99
AFWTR,74.99
AFWTR,74.97
AFWTR,74.97
AFWTR,74.97
AFWTR,74.97
AFWTR,74.96
AFWTR,74.95
AFWTR,74.94
AFWTR,74.94
AFWTR,74.93
AFWTR,74.93
AFWTR,74.9
AFWTR,74.9
AFWTR,74.54
AFWTR,74.25
AFWTR,74.1
AFWTR,73.56
AFWTR,73.07
AFWTR,71.98
AFWTR,71.56
AFWTR,71.21
AFWTR,70.95
AFWTR,70.23
AFWTR,70.15
AFWTR,70.08
AFWTR,70.06
AFWTR,70.04
AFWTR,70.03
AFWTR,70.02
AFWTR,69.97
AFWTR,69.93
AFWTR,69.92
AFWTR,69.61
AFWTR,67.94
AFWTR,66.04
AFWTR,66.04
AFWTR,66.04
AFWTR,66.02
AFWTR,65.4
AFWTR,65.21
AFWTR,65.19
AFWTR,65.13
AFWTR,64.98
AFWTR,64.78
AFWTR,64.54
AFWTR,64.28
AFWTR,63.98
AFWTR,63.54
AFWTR,63.51
AFWTR,63.27
AFWTR,62.84
AFWTR,62.7
AFWTR,62.57
AFWTR,62.22
AFWTR,62.18
AFWTR,60
AFWTR,58.5
AFETR,101.74
AFETR,101.13
AFETR,98.19
AFETR,97.8
AFETR,96.41
AFETR,89.66
AFETR,82.85
AFETR,82.83
AFETR,76.32
AFETR,75.71
AFETR,71.09
AFETR,70.29
AFETR,66.81
AFETR,66.69
AFETR,64.49
AFETR,61.99
AFETR,61.78
AFETR,59.38
AFETR,58.31
AFETR,58.17
AFETR,58.09
AFETR,57.64
AFETR,57.02
AFETR,57.01
AFETR,57
AFETR,57
AFETR,57
AFETR,57
AFETR,57
AFETR,57
AFETR,56.99
AFETR,56.99
AFETR,56.99
AFETR,56.99
AFETR,56.99
AFETR,56.99
AFETR,56.99
AFETR,56.99
AFETR,56.99
AFETR,56.99
AFETR,56.98
AFETR,56.97
AFETR,56.56
AFETR,56.53
AFETR,56.49
AFETR,56.38
AFETR,56.3
AFETR,56.28
AFETR,56.16
AFETR,56.1
AFETR,56
AFETR,55.83
AFETR,55.82
AFETR,55.65
AFETR,55.63
AFETR,55.54
AFETR,55.53
AFETR,55.52
AFETR,55.49
AFETR,55.41
AFETR,55.4
AFETR,55.37
AFETR,55.29
AFETR,55.26
AFETR,55.22
AFETR,55.19
AFETR,55.13
AFETR,55.08
AFETR,55.07
AFETR,55.07
AFETR,55.06
AFETR,54.99
AFETR,54.97
AFETR,54.95
AFETR,54.93
AFETR,54.91
AFETR,54.89
AFETR,54.89
AFETR,54.88
AFETR,54.84
AFETR,54.77
AFETR,54.59
AFETR,54.55
AFETR,54.45
AFETR,54.41
AFETR,54.39
AFETR,54.32
AFETR,54.31
AFETR,54.31
AFETR,54.19
AFETR,54.1
AFETR,54.08
AFETR,54.06
AFETR,54.04
AFETR,54
AFETR,53.96
AFETR,53.76
AFETR,53.61
AFETR,53.58
AFETR,53.2
AFETR,53.19
AFETR,53.11
AFETR,53.01
AFETR,52.98
AFETR,52
AFETR,52
AFETR,52
AFETR,52
AFETR,51.98
AFETR,51.98
AFETR,51.94
AFETR,51.87
AFETR,51.77
AFETR,51.66
AFETR,51.65
AFETR,51.65
AFETR,51.65
AFETR,51.65
AFETR,51.65
AFETR,51.65
AFETR,51.65
AFETR,51.65
AFETR,51.65
AFETR,51.65
AFETR,51.65
AFETR,51.65
AFETR,51.65
AFETR,51.65
AFETR,51.65
AFETR,51.64
AFETR,51.64
AFETR,51.64
AFETR,51.64
AFETR,51.64
AFETR,51.64
AFETR,51.64
AFETR,51.64
AFETR,51.64
AFETR,51.64
AFETR,51.64
AFETR,51.64
AFETR,51.64
AFETR,51.64
AFETR,51.64
AFETR,51.64
AFETR,51.64
AFETR,51.64
AFETR,51.64
AFETR,51.64
AFETR,51.64
AFETR,51.64
AFETR,51.64
AFETR,51.64
AFETR,51.64
AFETR,51.64
AFETR,51.64
AFETR,51.64
AFETR,51.64
AFETR,51.64
AFETR,51.63
AFETR,51.63
AFETR,51.63
AFETR,51.63
AFETR,51.63
AFETR,51.63
AFETR,51.63
AFETR,51.6
AFETR,51.58
AFETR,51.58
AFETR,51.58
AFETR,51.58
AFETR,51.57
AFETR,51.57
AFETR,51.57
AFETR,51.57
AFETR,51.56
AFETR,51.2
AFETR,50.55
AFETR,50.29
AFETR,50.25
AFETR,50.14
AFETR,50.04
AFETR,50.04
AFETR,50.04
AFETR,50.03
AFETR,49.88
AFETR,49.46
AFETR,49.09
AFETR,48.44
AFETR,48.38
AFETR,48.3
AFETR,47.9
AFETR,47.68
AFETR,47.51
AFETR,47.19
AFETR,47
AFETR,47
AFETR,46.95
AFETR,46.47
AFETR,45.97
AFETR,45.03
AFETR,44.8
AFETR,44.8
AFETR,44.06
AFETR,43.56
AFETR,43.07
AFETR,42.74
AFETR,42.7
AFETR,40.34
AFETR,39.05
AFETR,39.02
AFETR,39.02
AFETR,39.01
AFETR,39.01
AFETR,39.01
AFETR,39.01
AFETR,39.01
AFETR,39
AFETR,38.05
AFETR,38.03
AFETR,35.19
AFETR,35.14
AFETR,35.04
AFETR,35.01
AFETR,34.99
AFETR,34.95
AFETR,34.55
AFETR,34.48
AFETR,34.32
AFETR,34.25
AFETR,33.99
AFETR,33.9
AFETR,33.83
AFETR,33.72
AFETR,33.54
AFETR,33.51
AFETR,33.5
AFETR,33.5
AFETR,33.5
AFETR,33.47
AFETR,33.35
AFETR,33.34
AFETR,33.15
AFETR,33.12
AFETR,33.05
AFETR,33
AFETR,32.96
AFETR,32.94
AFETR,32.94
AFETR,32.93
AFETR,32.93
AFETR,32.88
AFETR,32.83
AFETR,32.83
AFETR,32.82
AFETR,32.81
AFETR,32.7
AFETR,32.61
AFETR,32.6
AFETR,32.6
AFETR,32.55
AFETR,32.55
AFETR,32.54
AFETR,32.54
AFETR,32.54
AFETR,32.54
AFETR,32.5
AFETR,32.44
AFETR,32.29
AFETR,32.14
AFETR,31.98
AFETR,31.77
AFETR,31.75
AFETR,31.73
AFETR,31.72
AFETR,31.61
AFETR,31.35
AFETR,30.71
AFETR,30.7
AFETR,30.16
AFETR,29.89
AFETR,29.18
AFETR,29.02
AFETR,29
AFETR,28.91
AFETR,28.9
AFETR,28.9
AFETR,28.89
AFETR,28.87
AFETR,28.86
AFETR,28.86
AFETR,28.85
AFETR,28.84
AFETR,28.84
AFETR,28.82
AFETR,28.8
AFETR,28.8
AFETR,28.79
AFETR,28.79
AFETR,28.76
AFETR,28.71
AFETR,28.57
AFETR,28.56
AFETR,28.55
AFETR,28.53
AFETR,28.52
AFETR,28.52
AFETR,28.51
AFETR,28.51
AFETR,28.5
AFETR,28.49
AFETR,28.48
AFETR,28.48
AFETR,28.48
AFETR,28.47
AFETR,28.47
AFETR,28.47
AFETR,28.47
AFETR,28.47
AFETR,28.47
AFETR,28.47
AFETR,28.47
AFETR,28.47
AFETR,28.47
AFETR,28.47
AFETR,28.47
AFETR,28.47
AFETR,28.47
AFETR,28.47
AFETR,28.47
AFETR,28.47
AFETR,28.47
AFETR,28.47
AFETR,28.47
AFETR,28.47
AFETR,28.47
AFETR,28.47
AFETR,28.47
AFETR,28.47
AFETR,28.47
AFETR,28.46
AFETR,28.46
AFETR,28.46
AFETR,28.46
AFETR,28.46
AFETR,28.46
AFETR,28.46
AFETR,28.46
AFETR,28.46
AFETR,28.46
AFETR,28.46
AFETR,28.46
AFETR,28.46
AFETR,28.46
AFETR,28.46
AFETR,28.43
AFETR,28.38
AFETR,28.33
AFETR,28.32
AFETR,28.24
AFETR,27.34
AFETR,26.69
AFETR,26.55
AFETR,26.5
AFETR,25.58
AFETR,24.98
AFETR,24.97
AFETR,24.14
AFETR,24.1
AFETR,23.49
AFETR,22.97
AFETR,22.87
AFETR,22.74
AFETR,20.56
AFETR,19.83
AFETR,19.72
AFETR,19.63
AFETR,19.14
AFETR,19.03
AFETR,18.02
AFETR,17.65
AFETR,17.15
AFETR,16.6
AFETR,16.53
AFETR,16.41
AFETR,15.99
AFETR,15.97
AFETR,15.64
AFETR,15.51
AFETR,15.47
AFETR,15.4
AFETR,15.38
AFETR,15.37
AFETR,15.26
AFETR,15.25
AFETR,15.25
AFETR,15.25
AFETR,15.22
AFETR,15.21
AFETR,15.21
AFETR,15.18
AFETR,15.17
AFETR,15.11
AFETR,15.09
AFETR,15
AFETR,14.99
AFETR,14.93
AFETR,14.91
AFETR,14.89
AFETR,14.85
AFETR,14.81
AFETR,14.8
AFETR,14.61
AFETR,14.53
AFETR,14.5
AFETR,14.44
AFETR,14.42
AFETR,14.39
AFETR,14.34
AFETR,14.34
AFETR,14.3
AFETR,14.2
AFETR,14.06
AFETR,14.06
AFETR,14.05
AFETR,14.04
AFETR,13.99
AFETR,13.97
AFETR,13.95
AFETR,13.93
AFETR,13.85
AFETR,13.84
AFETR,13.83
AFETR,13.82
AFETR,13.81
AFETR,13.77
AFETR,13.74
AFETR,13.72
AFETR,13.64
AFETR,13.61
AFETR,13.61
AFETR,13.6
AFETR,13.59
AFETR,13.55
AFETR,13.52
AFETR,13.51
AFETR,13.49
AFETR,13.48
AFETR,13.44
AFETR,13.4
AFETR,13.37
AFETR,13.22
AFETR,13.21
AFETR,13.18
AFETR,13.16
AFETR,13.16
AFETR,13.13
AFETR,13.11
AFETR,13
AFETR,12.95
AFETR,12.91
AFETR,12.85
AFETR,12.83
AFETR,12.77
AFETR,12.64
AFETR,12.5
AFETR,12.49
AFETR,12.48
AFETR,12.3
AFETR,12.28
AFETR,12.23
AFETR,12.22
AFETR,12.19
AFETR,12.18
AFETR,12.14
AFETR,12
AFETR,11.95
AFETR,11.83
AFETR,11.83
AFETR,11.79
AFETR,11.63
AFETR,11.59
AFETR,11.47
AFETR,11.47
AFETR,11.44
AFETR,11.36
AFETR,11.36
AFETR,11.34
AFETR,11.31
AFETR,11.29
AFETR,11.21
AFETR,11.17
AFETR,11.05
AFETR,11
AFETR,10.91
AFETR,10.89
AFETR,10.88
AFETR,10.84
AFETR,10.49
AFETR,10.45
AFETR,10.43
AFETR,10.41
AFETR,10.36
AFETR,10.28
AFETR,10.19
AFETR,10.17
AFETR,10.03
AFETR,9.71
AFETR,9.64
AFETR,9.58
AFETR,9.5
AFETR,9.37
AFETR,9.19
AFETR,9.04
AFETR,8.95
AFETR,8.86
AFETR,8.73
AFETR,8.71
AFETR,8.69
AFETR,8.29
AFETR,8.05
AFETR,7.97
AFETR,7.41
AFETR,7.39
AFETR,7.36
AFETR,7.25
AFETR,7.18
AFETR,6.94
AFETR,6.93
AFETR,6.89
AFETR,6.86
AFETR,6.72
AFETR,6.67
AFETR,6.61
AFETR,6.5
AFETR,6.22
AFETR,6
AFETR,5.97
AFETR,5.95
AFETR,5.64
AFETR,5.62
AFETR,5.59
AFETR,5.22
AFETR,4.93
AFETR,4.91
AFETR,4.9
AFETR,4.87
AFETR,4.82
AFETR,4.63
AFETR,4.32
AFETR,4.19
AFETR,4.16
AFETR,4.13
AFETR,4.1
AFETR,4.05
AFETR,3.96
AFETR,3.95
AFETR,3.72
AFETR,3.44
AFETR,3.12
AFETR,3.11
AFETR,3.09
AFETR,3
AFETR,2.92
AFETR,2.86
AFETR,2.71
AFETR,2.29
AFETR,2.19
AFETR,2.11
AFETR,1.74
AFETR,1.71
AFETR,1.57
AFETR,1.52
AFETR,1.3
AFETR,1.11
AFETR,0.75
AFETR,0.56
AFETR,0.5
AFETR,0.21
AFETR,0.21
AFETR,0.2
AFETR,0.19
AFETR,0.1
AFETR,0.07
AFETR,0.06
AFETR,0.06
AFETR,0.05
AFETR,0.04
AFETR,0.04
AFETR,0.04
AFETR,0.04
AFETR,0.03
AFETR,0.02
AFETR,0.02
AFETR,0.02
AFETR,0.02
AFETR,0.02
AFETR,0.02
AFETR,0.02
AFETR,0.02
AFETR,0.02
AFETR,0.02
AFETR,0.01
AFETR,0.01
AFETR,0.01
AFETR,0.01
AFETR,0.01
AFETR,0.01
AFETR,0.01
AFETR,0.01
AFETR,0.01
AFETR,0
AFETR,0
AFETR,0
FRGUI,99
FRGUI,98.67
FRGUI,98.65
FRGUI,98.57
FRGUI,98.57
FRGUI,98.56
FRGUI,98.54
FRGUI,98.5
FRGUI,98.39
FRGUI,98.36
FRGUI,98.33
FRGUI,98.2
FRGUI,98.2
FRGUI,98.19
FRGUI,98.18
FRGUI,98.18
FRGUI,98.18
FRGUI,98.12
FRGUI,97.96
FRGUI,70.19
FRGUI,69.49
FRGUI,66.04
FRGUI,56.9
FRGUI,56.87
FRGUI,56.76
FRGUI,56.09
FRGUI,55.88
FRGUI,54.92
FRGUI,54.91
FRGUI,54.58
FRGUI,51.65
FRGUI,51.64
FRGUI,51.64
FRGUI,51.64
FRGUI,51.63
FRGUI,50.47
FRGUI,49.82
FRGUI,46.31
FRGUI,37.13
FRGUI,29.94
FRGUI,17.72
FRGUI,16.09
FRGUI,15.93
FRGUI,15.4
FRGUI,15.37
FRGUI,15.37
FRGUI,15.36
FRGUI,15.32
FRGUI,15.25
FRGUI,15.17
FRGUI,15.11
FRGUI,15.06
FRGUI,15.05
FRGUI,15.05
FRGUI,15.01
FRGUI,15
FRGUI,14.96
FRGUI,14.88
FRGUI,14.86
FRGUI,14.83
FRGUI,14.83
FRGUI,14.81
FRGUI,14.8
FRGUI,14.78
FRGUI,14.77
FRGUI,14.74
FRGUI,14.72
FRGUI,14.7
FRGUI,14.56
FRGUI,14.38
FRGUI,14.34
FRGUI,13.94
FRGUI,13.88
FRGUI,13.23
FRGUI,13.21
FRGUI,13.21
FRGUI,13.17
FRGUI,13.04
FRGUI,12.92
FRGUI,12.9
FRGUI,12.53
FRGUI,12.26
FRGUI,12.09
FRGUI,12.03
FRGUI,11.66
FRGUI,11.66
FRGUI,11.24
FRGUI,11.23
FRGUI,11.16
FRGUI,10.74
FRGUI,10.54
FRGUI,10.46
FRGUI,10.14
FRGUI,9.78
FRGUI,9.75
FRGUI,9.1
FRGUI,9.1
FRGUI,8.99
FRGUI,8.91
FRGUI,8.81
FRGUI,8.65
FRGUI,8.33
FRGUI,8.25
FRGUI,8.06
FRGUI,7.83
FRGUI,7.79
FRGUI,7.69
FRGUI,7.64
FRGUI,7.54
FRGUI,7.46
FRGUI,7.42
FRGUI,7.28
FRGUI,7.28
FRGUI,7.27
FRGUI,7.18
FRGUI,7.08
FRGUI,7.03
FRGUI,6.83
FRGUI,6.76
FRGUI,6.64
FRGUI,6.4
FRGUI,6.39
FRGUI,6.36
FRGUI,6.34
FRGUI,6.16
FRGUI,6.04
FRGUI,5.91
FRGUI,5.8
FRGUI,5.65
FRGUI,5.4
FRGUI,5.27
FRGUI,5.18
FRGUI,5.13
FRGUI,5.1
FRGUI,5.02
FRGUI,4.99
FRGUI,4.97
FRGUI,4.85
FRGUI,4.67
FRGUI,4.63
FRGUI,4.5
FRGUI,4.39
FRGUI,4.31
FRGUI,4.23
FRGUI,4.2
FRGUI,4
FRGUI,3.93
FRGUI,3.87
FRGUI,3.86
FRGUI,3.75
FRGUI,3.05
FRGUI,2.91
FRGUI,2.66
FRGUI,2.61
FRGUI,2.59
FRGUI,2.39
FRGUI,2.37
FRGUI,1.95
FRGUI,1.9
FRGUI,1.89
FRGUI,1.66
FRGUI,1.37
FRGUI,1.33
FRGUI,1.22
FRGUI,1.21
FRGUI,1.13
FRGUI,1.04
FRGUI,0.57
FRGUI,0.27
FRGUI,0.19
FRGUI,0.12
FRGUI,0.12
FRGUI,0.09
FRGUI,0.09
FRGUI,0.08
FRGUI,0.08
FRGUI,0.07
FRGUI,0.07
FRGUI,0.07
FRGUI,0.07
FRGUI,0.07
FRGUI,0.07
FRGUI,0.06
FRGUI,0.06
FRGUI,0.06
FRGUI,0.06
FRGUI,0.06
FRGUI,0.06
FRGUI,0.06
FRGUI,0.05
FRGUI,0.05
FRGUI,0.05
FRGUI,0.05
FRGUI,0.05
FRGUI,0.05
FRGUI,0.05
FRGUI,0.05
FRGUI,0.05
FRGUI,0.04
FRGUI,0.04
FRGUI,0.04
FRGUI,0.04
FRGUI,0.04
FRGUI,0.03
FRGUI,0.03
FRGUI,0.03
FRGUI,0.03
FRGUI,0.03
FRGUI,0.03
FRGUI,0.03
FRGUI,0.03
FRGUI,0.03
FRGUI,0.03
FRGUI,0.02
FRGUI,0.02
FRGUI,0.02
FRGUI,0.02
FRGUI,0.02
FRGUI,0.02
FRGUI,0.02
FRGUI,0.02
FRGUI,0.02
FRGUI,0.02
FRGUI,0.02
FRGUI,0.02
FRGUI,0.02
FRGUI,0.02
FRGUI,0.02
FRGUI,0.01
FRGUI,0.01
FRGUI,0.01
FRGUI,0.01
FRGUI,0.01
FRGUI,0.01
FRGUI,0.01
FRGUI,0.01
FRGUI,0.01
FRGUI,0.01
FRGUI,0.01
FRGUI,0.01
FRGUI,0.01
FRGUI,0.01
FRGUI,0.01
FRGUI,0.01
FRGUI,0.01
FRGUI,0.01
FRGUI,0.01
FRGUI,0.01
FRGUI,0.01
FRGUI,0.01
FRGUI,0
FRGUI,0
FRGUI,
HGSTR,39.92
HGSTR,39.44
HGSTR,34.26
HGSTR,34.09
JSC,98.66
JSC,98.56
JSC,98.53
JSC,98.48
JSC,98.42
JSC,98.33
JSC,98.29
JSC,98.28
JSC,98.25
JSC,98.21
JSC,98.09
JSC,98.07
JSC,98.05
JSC,98.04
JSC,98.01
JSC,98.01
JSC,98
JSC,97.98
JSC,97.96
JSC,97.96
JSC,97.94
JSC,97.94
JSC,97.93
JSC,97.85
JSC,97.66
JSC,97.66
JSC,97.62
JSC,97.6
JSC,97.48
JSC,97.44
JSC,97.44
JSC,97.44
JSC,97.41
JSC,97.37
JSC,97.33
JSC,97.29
JSC,97.2
JSC,96.92
JSC,96.48
JSC,96.46
JSC,75.01
JSC,74.97
JSC,69.79
JSC,69.06
JSC,68.99
JSC,68.99
JSC,68.42
JSC,67.92
JSC,63.41
JSC,63.41
JSC,63.4
JSC,63.4
JSC,63.38
JSC,63.29
JSC,63.04
JSC,63.02
JSC,63.02
JSC,62.99
JSC,62.98
JSC,62.98
JSC,62.98
JSC,62.98
JSC,62.97
JSC,62.97
JSC,62.97
JSC,62.96
JSC,62.96
JSC,62.94
JSC,62.93
JSC,62.93
JSC,59.43
JSC,59.36
JSC,57.02
JSC,56.95
JSC,56.94
JSC,56.93
JSC,43.02
JSC,42.9
JSC,42.8
JSC,42.79
JSC,42.78
JSC,42.78
JSC,42.78
JSC,42.74
JSC,42.6
JSC,42.58
JSC,42.42
JSC,42.41
JSC,42.41
JSC,42.41
JSC,42.4
KODAK,63.19
KSCUT,98.21
KSCUT,98.17
KSCUT,75.03
KSCUT,74.56
KSCUT,65.75
KSCUT,65.37
KSCUT,38.68
KSCUT,32.05
KSCUT,31.64
KSCUT,31.47
KSCUT,31.45
KSCUT,31.38
KSCUT,31.32
KSCUT,31.32
KSCUT,31.29
KSCUT,31.22
KSCUT,31.08
KSCUT,31.07
KSCUT,31
KSCUT,30.98
KSCUT,30.9
KSCUT,29.87
KSCUT,29.72
KSCUT,29.67
KWAJL,9.35
KWAJL,8.98
KWAJL,6.03
KWAJL,1.95
KYMTR,50.7
KYMTR,50.69
KYMTR,50.67
KYMTR,50.66
KYMTR,50.66
KYMTR,50.66
KYMTR,50.66
KYMTR,50.65
KYMTR,50.65
KYMTR,50.65
KYMTR,50.64
KYMTR,50.64
KYMTR,50.63
KYMTR,50.63
KYMTR,50.63
KYMTR,50.63
KYMTR,50.62
KYMTR,50.62
KYMTR,50.62
KYMTR,50.61
KYMTR,50.6
KYMTR,50.54
KYMTR,49.62
KYMTR,49.03
KYMTR,49
KYMTR,48.99
KYMTR,48.98
KYMTR,48.97
KYMTR,48.96
KYMTR,48.96
KYMTR,48.95
KYMTR,48.95
KYMTR,48.95
KYMTR,48.94
KYMTR,48.94
KYMTR,48.93
KYMTR,48.93
KYMTR,48.92
KYMTR,48.89
KYMTR,48.82
KYMTR,48.77
KYMTR,48.76
KYMTR,48.76
KYMTR,48.76
KYMTR,48.74
KYMTR,48.73
KYMTR,48.69
KYMTR,48.64
KYMTR,48.44
KYMTR,48.44
KYMTR,48.44
KYMTR,48.44
KYMTR,48.44
KYMTR,48.43
KYMTR,48.43
KYMTR,48.42
KYMTR,48.41
KYMTR,48.41
KYMTR,48.41
KYMTR,48.4
KYMTR,48.4
KYMTR,48.4
KYMTR,48.39
KYMTR,48.39
KYMTR,48.39
KYMTR,48.38
KYMTR,48.37
KYMTR,48.37
KYMTR,48.37
KYMTR,48.37
KYMTR,48.37
KYMTR,48.36
KYMTR,48.36
KYMTR,48.35
KYMTR,48.35
KYMTR,48.34
KYMTR,48.34
KYMTR,48.34
KYMTR,48.34
KYMTR,48.33
KYMTR,48.33
KYMTR,48.33
KYMTR,48.32
KYMTR,48.31
NSC,80.19
OREN,98.73
OREN,98.32
OREN,98.29
OREN,97.87
OREN,97.81
OREN,97.61
OREN,97.6
OREN,97.59
OREN,97.51
OREN,97.47
OREN,64.5
OREN,64.5
PKMTR,100.44
PKMTR,99.38
PKMTR,99.36
PKMTR,99.27
PKMTR,98.74
PKMTR,98.62
PKMTR,98.45
PKMTR,98.23
PKMTR,98.16
PKMTR,98.15
PKMTR,98.09
PKMTR,98.07
PKMTR,97.99
PKMTR,97.97
PKMTR,97.96
PKMTR,97.92
PKMTR,97.89
PKMTR,97.88
PKMTR,97.8
PKMTR,97.71
PKMTR,97.12
PKMTR,96.57
PKMTR,88.95
PKMTR,87.75
PKMTR,87.23
PKMTR,86.42
PKMTR,86.35
PKMTR,83.03
PKMTR,83
PKMTR,82.99
PKMTR,82.99
PKMTR,82.98
PKMTR,82.98
PKMTR,82.98
PKMTR,82.98
PKMTR,82.97
PKMTR,82.97
PKMTR,82.97
PKMTR,82.97
PKMTR,82.97
PKMTR,82.97
PKMTR,82.97
PKMTR,82.97
PKMTR,82.97
PKMTR,82.97
PKMTR,82.96
PKMTR,82.96
PKMTR,82.96
PKMTR,82.96
PKMTR,82.96
PKMTR,82.96
PKMTR,82.96
PKMTR,82.96
PKMTR,82.96
PKMTR,82.96
PKMTR,82.96
PKMTR,82.96
PKMTR,82.96
PKMTR,82.96
PKMTR,82.96
PKMTR,82.96
PKMTR,82.96
PKMTR,82.96
PKMTR,82.96
PKMTR,82.96
PKMTR,82.96
PKMTR,82.96
PKMTR,82.95
PKMTR,82.95
PKMTR,82.95
PKMTR,82.95
PKMTR,82.95
PKMTR,82.95
PKMTR,82.95
PKMTR,82.95
PKMTR,82.95
PKMTR,82.95
PKMTR,82.95
PKMTR,82.95
PKMTR,82.95
PKMTR,82.95
PKMTR,82.95
PKMTR,82.95
PKMTR,82.95
PKMTR,82.95
PKMTR,82.95
PKMTR,82.95
PKMTR,82.95
PKMTR,82.95
PKMTR,82.95
PKMTR,82.95
PKMTR,82.95
PKMTR,82.95
PKMTR,82.95
PKMTR,82.95
PKMTR,82.95
PKMTR,82.95
PKMTR,82.95
PKMTR,82.95
PKMTR,82.95
PKMTR,82.94
PKMTR,82.94
PKMTR,82.94
PKMTR,82.94
PKMTR,82.94
PKMTR,82.94
PKMTR,82.94
PKMTR,82.94
PKMTR,82.94
PKMTR,82.94
PKMTR,82.94
PKMTR,82.94
PKMTR,82.94
PKMTR,82.94
PKMTR,82.94
PKMTR,82.94
PKMTR,82.94
PKMTR,82.94
PKMTR,82.94
PKMTR,82.94
PKMTR,82.94
PKMTR,82.94
PKMTR,82.94
PKMTR,82.94
PKMTR,82.94
PKMTR,82.94
PKMTR,82.94
PKMTR,82.94
PKMTR,82.94
PKMTR,82.94
PKMTR,82.94
PKMTR,82.94
PKMTR,82.94
PKMTR,82.93
PKMTR,82.93
PKMTR,82.93
PKMTR,82.93
PKMTR,82.93
PKMTR,82.93
PKMTR,82.93
PKMTR,82.93
PKMTR,82.93
PKMTR,82.93
PKMTR,82.93
PKMTR,82.93
PKMTR,82.93
PKMTR,82.93
PKMTR,82.93
PKMTR,82.93
PKMTR,82.93
PKMTR,82.93
PKMTR,82.93
PKMTR,82.93
PKMTR,82.93
PKMTR,82.93
PKMTR,82.93
PKMTR,82.93
PKMTR,82.93
PKMTR,82.92
PKMTR,82.92
PKMTR,82.92
PKMTR,82.92
PKMTR,82.92
PKMTR,82.92
PKMTR,82.92
PKMTR,82.92
PKMTR,82.92
PKMTR,82.92
PKMTR,82.92
PKMTR,82.92
PKMTR,82.92
PKMTR,82.92
PKMTR,82.91
PKMTR,82.91
PKMTR,82.91
PKMTR,82.91
PKMTR,82.91
PKMTR,82.91
PKMTR,82.91
PKMTR,82.9
PKMTR,82.9
PKMTR,82.9
PKMTR,82.9
PKMTR,82.9
PKMTR,82.9
PKMTR,82.9
PKMTR,82.89
PKMTR,82.89
PKMTR,82.88
PKMTR,82.86
PKMTR,82.86
PKMTR,82.84
PKMTR,82.83
PKMTR,82.82
PKMTR,82.74
PKMTR,82.62
PKMTR,82.61
PKMTR,82.61
PKMTR,82.61
PKMTR,82.61
PKMTR,82.61
PKMTR,82.61
PKMTR,82.6
PKMTR,82.6
PKMTR,82.6
PKMTR,82.6
PKMTR,82.6
PKMTR,82.59
PKMTR,82.59
PKMTR,82.59
PKMTR,82.59
PKMTR,82.59
PKMTR,82.59
PKMTR,82.59
PKMTR,82.59
PKMTR,82.58
PKMTR,82.58
PKMTR,82.58
PKMTR,82.58
PKMTR,82.58
PKMTR,82.58
PKMTR,82.58
PKMTR,82.58
PKMTR,82.58
PKMTR,82.58
PKMTR,82.58
PKMTR,82.58
PKMTR,82.57
PKMTR,82.57
PKMTR,82.57
PKMTR,82.57
PKMTR,82.57
PKMTR,82.57
PKMTR,82.57
PKMTR,82.57
PKMTR,82.57
PKMTR,82.57
PKMTR,82.57
PKMTR,82.56
PKMTR,82.56
PKMTR,82.56
PKMTR,82.56
PKMTR,82.56
PKMTR,82.55
PKMTR,82.55
PKMTR,82.55
PKMTR,82.55
PKMTR,82.55
PKMTR,82.55
PKMTR,82.55
PKMTR,82.55
PKMTR,82.54
PKMTR,82.54
PKMTR,82.54
PKMTR,82.54
PKMTR,82.54
PKMTR,82.54
PKMTR,82.54
PKMTR,82.54
PKMTR,82.54
PKMTR,82.54
PKMTR,82.53
PKMTR,82.53
PKMTR,82.53
PKMTR,82.53
PKMTR,82.53
PKMTR,82.53
PKMTR,82.53
PKMTR,82.53
PKMTR,82.53
PKMTR,82.52
PKMTR,82.52
PKMTR,82.52
PKMTR,82.52
PKMTR,82.52
PKMTR,82.52
PKMTR,82.52
PKMTR,82.52
PKMTR,82.52
PKMTR,82.52
PKMTR,82.52
PKMTR,82.51
PKMTR,82.51
PKMTR,82.51
PKMTR,82.51
PKMTR,82.51
PKMTR,82.51
PKMTR,82.51
PKMTR,82.51
PKMTR,82.5
PKMTR,82.5
PKMTR,82.5
PKMTR,82.5
PKMTR,82.5
PKMTR,82.5
PKMTR,82.5
PKMTR,82.5
PKMTR,82.5
PKMTR,82.5
PKMTR,82.49
PKMTR,82.49
PKMTR,82.49
PKMTR,82.49
PKMTR,82.49
PKMTR,82.49
PKMTR,82.49
PKMTR,82.49
PKMTR,82.49
PKMTR,82.49
PKMTR,82.49
PKMTR,82.48
PKMTR,82.48
PKMTR,82.48
PKMTR,82.48
PKMTR,82.48
PKMTR,82.48
PKMTR,82.47
PKMTR,82.47
PKMTR,82.47
PKMTR,82.47
PKMTR,82.47
PKMTR,82.47
PKMTR,82.47
PKMTR,82.47
PKMTR,82.46
PKMTR,82.46
PKMTR,82.45
PKMTR,82.44
PKMTR,82.44
PKMTR,82.44
PKMTR,82.44
PKMTR,82.44
PKMTR,82.42
PKMTR,82.41
PKMTR,82.38
PKMTR,82.37
PKMTR,82.36
PKMTR,82.36
PKMTR,82.36
PKMTR,82.35
PKMTR,82.35
PKMTR,82.35
PKMTR,82.35
PKMTR,82.35
PKMTR,82.35
PKMTR,82.35
PKMTR,82.35
PKMTR,82.35
PKMTR,82.35
PKMTR,82.35
PKMTR,82.35
PKMTR,82.34
PKMTR,82.34
PKMTR,82.34
PKMTR,82.34
PKMTR,82.34
PKMTR,82.34
PKMTR,82.34
PKMTR,82.34
PKMTR,82.34
PKMTR,82.34
PKMTR,82.34
PKMTR,82.34
PKMTR,82.34
PKMTR,82.34
PKMTR,82.33
PKMTR,82.33
PKMTR,82.33
PKMTR,82.33
PKMTR,82.33
PKMTR,82.33
PKMTR,82.33
PKMTR,82.33
PKMTR,82.33
PKMTR,82.33
PKMTR,82.33
PKMTR,82.33
PKMTR,82.33
PKMTR,82.33
PKMTR,82.33
PKMTR,82.33
PKMTR,82.33
PKMTR,82.33
PKMTR,82.33
PKMTR,82.33
PKMTR,82.33
PKMTR,82.32
PKMTR,82.32
PKMTR,82.32
PKMTR,82.32
PKMTR,82.32
PKMTR,82.32
PKMTR,82.32
PKMTR,82.32
PKMTR,82.32
PKMTR,82.32
PKMTR,82.32
PKMTR,82.32
PKMTR,82.32
PKMTR,82.32
PKMTR,82.32
PKMTR,82.32
PKMTR,82.32
PKMTR,82.32
PKMTR,82.32
PKMTR,82.32
PKMTR,82.31
PKMTR,82.31
PKMTR,82.31
PKMTR,82.31
PKMTR,82.31
PKMTR,82.31
PKMTR,82.31
PKMTR,82.31
PKMTR,82.31
PKMTR,82.31
PKMTR,82.31
PKMTR,82.31
PKMTR,82.3
PKMTR,82.3
PKMTR,82.3
PKMTR,82.29
PKMTR,82.27
PKMTR,82.08
PKMTR,81.92
PKMTR,81.91
PKMTR,81.89
PKMTR,81.87
PKMTR,81.86
PKMTR,81.85
PKMTR,81.84
PKMTR,81.84
PKMTR,81.83
PKMTR,81.8
PKMTR,81.76
PKMTR,81.71
PKMTR,81.4
PKMTR,81.4
PKMTR,81.39
PKMTR,81.39
PKMTR,81.38
PKMTR,81.38
PKMTR,81.37
PKMTR,81.37
PKMTR,81.37
PKMTR,81.36
PKMTR,81.36
PKMTR,81.36
PKMTR,81.36
PKMTR,81.36
PKMTR,81.35
PKMTR,81.35
PKMTR,81.35
PKMTR,81.35
PKMTR,81.35
PKMTR,81.35
PKMTR,81.35
PKMTR,81.35
PKMTR,81.35
PKMTR,81.35
PKMTR,81.34
PKMTR,81.34
PKMTR,81.34
PKMTR,81.34
PKMTR,81.34
PKMTR,81.34
PKMTR,81.34
PKMTR,81.34
PKMTR,81.34
PKMTR,81.34
PKMTR,81.34
PKMTR,81.33
PKMTR,81.33
PKMTR,81.33
PKMTR,81.33
PKMTR,81.33
PKMTR,81.33
PKMTR,81.33
PKMTR,81.33
PKMTR,81.33
PKMTR,81.33
PKMTR,81.33
PKMTR,81.32
PKMTR,81.32
PKMTR,81.32
PKMTR,81.32
PKMTR,81.31
PKMTR,81.3
PKMTR,81.28
PKMTR,81.27
PKMTR,81.27
PKMTR,81.27
PKMTR,81.26
PKMTR,81.26
PKMTR,81.26
PKMTR,81.26
PKMTR,81.26
PKMTR,81.25
PKMTR,81.25
PKMTR,81.24
PKMTR,81.24
PKMTR,81.24
PKMTR,81.23
PKMTR,81.23
PKMTR,81.23
PKMTR,81.23
PKMTR,81.22
PKMTR,81.22
PKMTR,81.22
PKMTR,81.22
PKMTR,81.22
PKMTR,81.22
PKMTR,81.21
PKMTR,81.21
PKMTR,81.21
PKMTR,81.21
PKMTR,81.21
PKMTR,81.19
PKMTR,81.19
PKMTR,81.19
PKMTR,81.19
PKMTR,81.19
PKMTR,81.19
PKMTR,81.18
PKMTR,81.18
PKMTR,81.17
PKMTR,81.17
PKMTR,81.17
PKMTR,81.17
PKMTR,81.17
PKMTR,81.17
PKMTR,81.17
PKMTR,81.16
PKMTR,81.16
PKMTR,81.16
PKMTR,81.15
PKMTR,81.15
PKMTR,81.15
PKMTR,81.15
PKMTR,81.14
PKMTR,81.14
PKMTR,81.14
PKMTR,81.14
PKMTR,81.14
PKMTR,81.13
PKMTR,81.13
PKMTR,81.13
PKMTR,81.13
PKMTR,81.13
PKMTR,81.13
PKMTR,81.12
PKMTR,81.12
PKMTR,81.12
PKMTR,81.12
PKMTR,81.12
PKMTR,81.12
PKMTR,81.11
PKMTR,81.11
PKMTR,81.11
PKMTR,81.11
PKMTR,81.11
PKMTR,81.1
PKMTR,81.09
PKMTR,81.09
PKMTR,81.09
PKMTR,81.02
PKMTR,75.84
PKMTR,75.84
PKMTR,75.79
PKMTR,75.76
PKMTR,74.08
PKMTR,74.08
PKMTR,74.07
PKMTR,74.07
PKMTR,74.06
PKMTR,74.06
PKMTR,74.06
PKMTR,74.06
PKMTR,74.06
PKMTR,74.06
PKMTR,74.06
PKMTR,74.06
PKMTR,74.05
PKMTR,74.05
PKMTR,74.05
PKMTR,74.05
PKMTR,74.05
PKMTR,74.05
PKMTR,74.05
PKMTR,74.05
PKMTR,74.05
PKMTR,74.05
PKMTR,74.05
PKMTR,74.05
PKMTR,74.05
PKMTR,74.05
PKMTR,74.05
PKMTR,74.05
PKMTR,74.05
PKMTR,74.05
PKMTR,74.05
PKMTR,74.05
PKMTR,74.05
PKMTR,74.04
PKMTR,74.04
PKMTR,74.04
PKMTR,74.04
PKMTR,74.04
PKMTR,74.04
PKMTR,74.04
PKMTR,74.04
PKMTR,74.04
PKMTR,74.04
PKMTR,74.04
PKMTR,74.04
PKMTR,74.04
PKMTR,74.04
PKMTR,74.04
PKMTR,74.04
PKMTR,74.04
PKMTR,74.04
PKMTR,74.04
PKMTR,74.03
PKMTR,74.03
PKMTR,74.03
PKMTR,74.03
PKMTR,74.03
PKMTR,74.03
PKMTR,74.03
PKMTR,74.03
PKMTR,74.03
PKMTR,74.03
PKMTR,74.03
PKMTR,74.03
PKMTR,74.03
PKMTR,74.03
PKMTR,74.03
PKMTR,74.03
PKMTR,74.03
PKMTR,74.03
PKMTR,74.03
PKMTR,74.03
PKMTR,74.03
PKMTR,74.03
PKMTR,74.03
PKMTR,74.03
PKMTR,74.03
PKMTR,74.03
PKMTR,74.03
PKMTR,74.03
PKMTR,74.03
PKMTR,74.03
PKMTR,74.02
PKMTR,74.02
PKMTR,74.02
PKMTR,74.02
PKMTR,74.02
PKMTR,74.02
PKMTR,74.02
PKMTR,74.02
PKMTR,74.02
PKMTR,74.02
PKMTR,74.02
PKMTR,74.02
PKMTR,74.02
PKMTR,74.02
PKMTR,74.02
PKMTR,74.02
PKMTR,74.02
PKMTR,74.02
PKMTR,74.02
PKMTR,74.02
PKMTR,74.02
PKMTR,74.02
PKMTR,74.02
PKMTR,74.02
PKMTR,74.02
PKMTR,74.01
PKMTR,74.01
PKMTR,74.01
PKMTR,74.01
PKMTR,74.01
PKMTR,74.01
PKMTR,74.01
PKMTR,74.01
PKMTR,74.01
PKMTR,74.01
PKMTR,74.01
PKMTR,74.01
PKMTR,74.01
PKMTR,74
PKMTR,74
PKMTR,74
PKMTR,74
PKMTR,74
PKMTR,74
PKMTR,74
PKMTR,74
PKMTR,74
PKMTR,74
PKMTR,74
PKMTR,74
PKMTR,74
PKMTR,74
PKMTR,74
PKMTR,73.99
PKMTR,73.99
PKMTR,73.99
PKMTR,73.99
PKMTR,73.99
PKMTR,73.99
PKMTR,73.99
PKMTR,73.99
PKMTR,73.99
PKMTR,73.99
PKMTR,73.98
PKMTR,73.98
PKMTR,73.98
PKMTR,73.98
PKMTR,73.98
PKMTR,73.98
PKMTR,73.98
PKMTR,73.98
PKMTR,73.98
PKMTR,73.98
PKMTR,73.98
PKMTR,73.98
PKMTR,73.97
PKMTR,73.97
PKMTR,73.97
PKMTR,73.97
PKMTR,73.97
PKMTR,73.96
PKMTR,73.96
PKMTR,73.96
PKMTR,73.95
PKMTR,73.95
PKMTR,73.95
PKMTR,73.95
PKMTR,73.94
PKMTR,73.94
PKMTR,73.94
PKMTR,73.94
PKMTR,73.93
PKMTR,73.93
PKMTR,73.92
PKMTR,73.92
PKMTR,73.92
PKMTR,73.91
PKMTR,73.9
PKMTR,73.88
PKMTR,73.87
PKMTR,73.62
PKMTR,73.62
PKMTR,73.62
PKMTR,73.61
PKMTR,73.61
PKMTR,73.6
PKMTR,73.6
PKMTR,73.6
PKMTR,73.57
PKMTR,73.5
PKMTR,73.48
PKMTR,73.31
PKMTR,72.9
PKMTR,72.9
PKMTR,72.9
PKMTR,72.9
PKMTR,72.9
PKMTR,72.89
PKMTR,72.89
PKMTR,72.89
PKMTR,72.89
PKMTR,72.89
PKMTR,72.89
PKMTR,72.89
PKMTR,72.89
PKMTR,72.88
PKMTR,72.88
PKMTR,72.88
PKMTR,72.88
PKMTR,72.88
PKMTR,72.88
PKMTR,72.88
PKMTR,72.88
PKMTR,72.88
PKMTR,72.88
PKMTR,72.88
PKMTR,72.88
PKMTR,72.88
PKMTR,72.88
PKMTR,72.87
PKMTR,72.87
PKMTR,72.87
PKMTR,72.87
PKMTR,72.87
PKMTR,72.87
PKMTR,72.87
PKMTR,72.87
PKMTR,72.87
PKMTR,72.87
PKMTR,72.87
PKMTR,72.87
PKMTR,72.87
PKMTR,72.87
PKMTR,72.87
PKMTR,72.87
PKMTR,72.87
PKMTR,72.87
PKMTR,72.87
PKMTR,72.87
PKMTR,72.87
PKMTR,72.87
PKMTR,72.86
PKMTR,72.86
PKMTR,72.86
PKMTR,72.86
PKMTR,72.86
PKMTR,72.86
PKMTR,72.86
PKMTR,72.86
PKMTR,72.86
PKMTR,72.86
PKMTR,72.86
PKMTR,72.86
PKMTR,72.86
PKMTR,72.86
PKMTR,72.86
PKMTR,72.86
PKMTR,72.86
PKMTR,72.86
PKMTR,72.86
PKMTR,72.86
PKMTR,72.86
PKMTR,72.86
PKMTR,72.86
PKMTR,72.86
PKMTR,72.86
PKMTR,72.86
PKMTR,72.86
PKMTR,72.86
PKMTR,72.86
PKMTR,72.86
PKMTR,72.86
PKMTR,72.86
PKMTR,72.86
PKMTR,72.86
PKMTR,72.85
PKMTR,72.85
PKMTR,72.85
PKMTR,72.85
PKMTR,72.85
PKMTR,72.85
PKMTR,72.85
PKMTR,72.85
PKMTR,72.85
PKMTR,72.85
PKMTR,72.85
PKMTR,72.85
PKMTR,72.85
PKMTR,72.85
PKMTR,72.85
PKMTR,72.85
PKMTR,72.85
PKMTR,72.85
PKMTR,72.85
PKMTR,72.85
PKMTR,72.85
PKMTR,72.85
PKMTR,72.85
PKMTR,72.85
PKMTR,72.85
PKMTR,72.85
PKMTR,72.85
PKMTR,72.85
PKMTR,72.85
PKMTR,72.85
PKMTR,72.85
PKMTR,72.85
PKMTR,72.85
PKMTR,72.84
PKMTR,72.84
PKMTR,72.84
PKMTR,72.84
PKMTR,72.84
PKMTR,72.84
PKMTR,72.84
PKMTR,72.84
PKMTR,72.84
PKMTR,72.84
PKMTR,72.84
PKMTR,72.84
PKMTR,72.84
PKMTR,72.84
PKMTR,72.84
PKMTR,72.84
PKMTR,72.84
PKMTR,72.84
PKMTR,72.84
PKMTR,72.84
PKMTR,72.84
PKMTR,72.84
PKMTR,72.84
PKMTR,72.84
PKMTR,72.84
PKMTR,72.84
PKMTR,72.84
PKMTR,72.83
PKMTR,72.83
PKMTR,72.83
PKMTR,72.83
PKMTR,72.83
PKMTR,72.83
PKMTR,72.83
PKMTR,72.82
PKMTR,72.82
PKMTR,72.82
PKMTR,72.82
PKMTR,72.82
PKMTR,72.82
PKMTR,72.82
PKMTR,72.81
PKMTR,72.81
PKMTR,72.81
PKMTR,72.8
PKMTR,72.78
PKMTR,72.76
PKMTR,72
PKMTR,71.93
PKMTR,71.83
PKMTR,71.57
PKMTR,71.45
PKMTR,71.03
PKMTR,71.03
PKMTR,71.02
PKMTR,71.01
PKMTR,71.01
PKMTR,71
PKMTR,71
PKMTR,71
PKMTR,71
PKMTR,71
PKMTR,71
PKMTR,71
PKMTR,71
PKMTR,70.99
PKMTR,70.99
PKMTR,70.99
PKMTR,70.99
PKMTR,70.99
PKMTR,70.98
PKMTR,70.98
PKMTR,70.98
PKMTR,70.98
PKMTR,70.98
PKMTR,70.98
PKMTR,70.97
PKMTR,70.97
PKMTR,70.97
PKMTR,70.97
PKMTR,70.97
PKMTR,70.97
PKMTR,70.97
PKMTR,70.96
PKMTR,70.96
PKMTR,70.96
PKMTR,70.96
PKMTR,70.96
PKMTR,70.96
PKMTR,70.96
PKMTR,70.95
PKMTR,70.95
PKMTR,70.95
PKMTR,70.95
PKMTR,70.95
PKMTR,70.95
PKMTR,70.95
PKMTR,70.95
PKMTR,70.95
PKMTR,70.94
PKMTR,70.94
PKMTR,70.94
PKMTR,70.94
PKMTR,70.94
PKMTR,70.94
PKMTR,70.94
PKMTR,70.94
PKMTR,70.94
PKMTR,70.93
PKMTR,70.93
PKMTR,70.93
PKMTR,70.93
PKMTR,70.93
PKMTR,70.92
PKMTR,70.92
PKMTR,70.92
PKMTR,70.92
PKMTR,70.92
PKMTR,70.91
PKMTR,70.9
PKMTR,70.9
PKMTR,70.9
PKMTR,70.89
PKMTR,70.89
PKMTR,70.88
PKMTR,70.76
PKMTR,70.75
PKMTR,70.73
PKMTR,70.68
PKMTR,70.68
PKMTR,69.81
PKMTR,69.74
PKMTR,69.73
PKMTR,69.73
PKMTR,69.66
PKMTR,69.5
PKMTR,69.23
PKMTR,69.2
PKMTR,69.17
PKMTR,69.14
PKMTR,69.05
PKMTR,68.97
PKMTR,68.94
PKMTR,68.83
PKMTR,68.74
PKMTR,68.66
PKMTR,68.64
PKMTR,68.64
PKMTR,68.56
PKMTR,68.13
PKMTR,67.95
PKMTR,67.95
PKMTR,67.71
PKMTR,67.7
PKMTR,67.66
PKMTR,67.63
PKMTR,67.57
PKMTR,67.28
PKMTR,67.25
PKMTR,67.18
PKMTR,67.17
PKMTR,67.16
PKMTR,67.15
PKMTR,67.15
PKMTR,67.15
PKMTR,67.15
PKMTR,67.15
PKMTR,67.15
PKMTR,67.15
PKMTR,67.15
PKMTR,67.15
PKMTR,67.14
PKMTR,67.14
PKMTR,67.14
PKMTR,67.14
PKMTR,67.14
PKMTR,67.14
PKMTR,67.14
PKMTR,67.14
PKMTR,67.14
PKMTR,67.14
PKMTR,67.14
PKMTR,67.13
PKMTR,67.13
PKMTR,67.13
PKMTR,67.13
PKMTR,67.13
PKMTR,67.13
PKMTR,67.13
PKMTR,67.13
PKMTR,67.13
PKMTR,67.13
PKMTR,67.13
PKMTR,67.13
PKMTR,67.13
PKMTR,67.13
PKMTR,67.13
PKMTR,67.13
PKMTR,67.13
PKMTR,67.13
PKMTR,67.13
PKMTR,67.13
PKMTR,67.13
PKMTR,67.13
PKMTR,67.13
PKMTR,67.13
PKMTR,67.12
PKMTR,67.12
PKMTR,67.12
PKMTR,67.12
PKMTR,67.12
PKMTR,67.12
PKMTR,67.12
PKMTR,67.12
PKMTR,67.12
PKMTR,67.12
PKMTR,67.12
PKMTR,67.12
PKMTR,67.12
PKMTR,67.12
PKMTR,67.12
PKMTR,67.12
PKMTR,67.12
PKMTR,67.11
PKMTR,67.11
PKMTR,67.11
PKMTR,67.1
PKMTR,67.1
PKMTR,67.1
PKMTR,67.1
PKMTR,67.1
PKMTR,67.1
PKMTR,67.09
PKMTR,67.09
PKMTR,67.09
PKMTR,67.07
PKMTR,67.06
PKMTR,66.96
PKMTR,66.93
PKMTR,66.72
PKMTR,66.68
PKMTR,66.55
PKMTR,66.36
PKMTR,65.86
PKMTR,65.85
PKMTR,65.84
PKMTR,65.84
PKMTR,65.83
PKMTR,65.83
PKMTR,65.83
PKMTR,65.83
PKMTR,65.83
PKMTR,65.82
PKMTR,65.82
PKMTR,65.82
PKMTR,65.82
PKMTR,65.82
PKMTR,65.81
PKMTR,65.81
PKMTR,65.81
PKMTR,65.81
PKMTR,65.81
PKMTR,65.8
PKMTR,65.8
PKMTR,65.8
PKMTR,65.8
PKMTR,65.8
PKMTR,65.8
PKMTR,65.8
PKMTR,65.79
PKMTR,65.79
PKMTR,65.79
PKMTR,65.79
PKMTR,65.79
PKMTR,65.79
PKMTR,65.79
PKMTR,65.78
PKMTR,65.78
PKMTR,65.78
PKMTR,65.78
PKMTR,65.78
PKMTR,65.76
PKMTR,65.74
PKMTR,65.73
PKMTR,65.71
PKMTR,65.66
PKMTR,65.66
PKMTR,65.65
PKMTR,65.65
PKMTR,65.64
PKMTR,65.64
PKMTR,65.64
PKMTR,65.63
PKMTR,65.63
PKMTR,65.63
PKMTR,65.6
PKMTR,65.59
PKMTR,65.57
PKMTR,65.55
PKMTR,65.53
PKMTR,65.48
PKMTR,65.46
PKMTR,65.46
PKMTR,65.43
PKMTR,65.43
PKMTR,65.43
PKMTR,65.43
PKMTR,65.43
PKMTR,65.43
PKMTR,65.42
PKMTR,65.42
PKMTR,65.42
PKMTR,65.42
PKMTR,65.42
PKMTR,65.42
PKMTR,65.42
PKMTR,65.42
PKMTR,65.42
PKMTR,65.42
PKMTR,65.42
PKMTR,65.42
PKMTR,65.42
PKMTR,65.42
PKMTR,65.42
PKMTR,65.41
PKMTR,65.41
PKMTR,65.41
PKMTR,65.41
PKMTR,65.41
PKMTR,65.41
PKMTR,65.41
PKMTR,65.41
PKMTR,65.41
PKMTR,65.41
PKMTR,65.41
PKMTR,65.41
PKMTR,65.41
PKMTR,65.41
PKMTR,65.41
PKMTR,65.41
PKMTR,65.4
PKMTR,65.4
PKMTR,65.4
PKMTR,65.4
PKMTR,65.4
PKMTR,65.4
PKMTR,65.4
PKMTR,65.4
PKMTR,65.4
PKMTR,65.4
PKMTR,65.4
PKMTR,65.4
PKMTR,65.4
PKMTR,65.4
PKMTR,65.4
PKMTR,65.4
PKMTR,65.4
PKMTR,65.4
PKMTR,65.4
PKMTR,65.4
PKMTR,65.4
PKMTR,65.39
PKMTR,65.38
PKMTR,65.37
PKMTR,65.37
PKMTR,65.36
PKMTR,65.36
PKMTR,65.2
PKMTR,65.18
PKMTR,65.02
PKMTR,64.95
PKMTR,64.94
PKMTR,64.86
PKMTR,64.86
PKMTR,64.85
PKMTR,64.83
PKMTR,64.81
PKMTR,64.81
PKMTR,64.8
PKMTR,64.78
PKMTR,64.76
PKMTR,64.72
PKMTR,64.69
PKMTR,64.66
PKMTR,64.64
PKMTR,64.6
PKMTR,64.59
PKMTR,64.57
PKMTR,64.57
PKMTR,64.56
PKMTR,64.56
PKMTR,64.51
PKMTR,64.48
PKMTR,64.46
PKMTR,64.46
PKMTR,64.43
PKMTR,64.41
PKMTR,64.34
PKMTR,64.24
PKMTR,64.23
PKMTR,64.21
PKMTR,64.17
PKMTR,64.17
PKMTR,64.1
PKMTR,64.06
PKMTR,64.04
PKMTR,64.03
PKMTR,63.99
PKMTR,63.95
PKMTR,63.92
PKMTR,63.82
PKMTR,63.82
PKMTR,63.8
PKMTR,63.78
PKMTR,63.72
PKMTR,63.69
PKMTR,63.68
PKMTR,63.68
PKMTR,63.65
PKMTR,63.64
PKMTR,63.62
PKMTR,63.6
PKMTR,63.59
PKMTR,63.57
PKMTR,63.56
PKMTR,63.55
PKMTR,63.53
PKMTR,63.51
PKMTR,63.46
PKMTR,63.45
PKMTR,63.45
PKMTR,63.45
PKMTR,63.44
PKMTR,63.42
PKMTR,63.39
PKMTR,63.39
PKMTR,63.37
PKMTR,63.35
PKMTR,63.33
PKMTR,63.33
PKMTR,63.3
PKMTR,63.29
PKMTR,63.28
PKMTR,63.27
PKMTR,63.24
PKMTR,63.22
PKMTR,63.21
PKMTR,63.21
PKMTR,63.2
PKMTR,63.19
PKMTR,63.13
PKMTR,63.12
PKMTR,63.08
PKMTR,63.08
PKMTR,63.07
PKMTR,63.06
PKMTR,63
PKMTR,62.99
PKMTR,62.93
PKMTR,62.86
PKMTR,62.85
PKMTR,62.85
PKMTR,62.84
PKMTR,62.84
PKMTR,62.84
PKMTR,62.84
PKMTR,62.83
PKMTR,62.83
PKMTR,62.83
PKMTR,62.83
PKMTR,62.83
PKMTR,62.83
PKMTR,62.83
PKMTR,62.83
PKMTR,62.82
PKMTR,62.82
PKMTR,62.82
PKMTR,62.82
PKMTR,62.82
PKMTR,62.82
PKMTR,62.82
PKMTR,62.82
PKMTR,62.82
PKMTR,62.82
PKMTR,62.82
PKMTR,62.82
PKMTR,62.82
PKMTR,62.82
PKMTR,62.82
PKMTR,62.82
PKMTR,62.82
PKMTR,62.82
PKMTR,62.82
PKMTR,62.82
PKMTR,62.82
PKMTR,62.82
PKMTR,62.81
PKMTR,62.81
PKMTR,62.81
PKMTR,62.81
PKMTR,62.81
PKMTR,62.81
PKMTR,62.81
PKMTR,62.81
PKMTR,62.81
PKMTR,62.81
PKMTR,62.81
PKMTR,62.81
PKMTR,62.81
PKMTR,62.81
PKMTR,62.81
PKMTR,62.81
PKMTR,62.81
PKMTR,62.81
PKMTR,62.81
PKMTR,62.81
PKMTR,62.81
PKMTR,62.81
PKMTR,62.81
PKMTR,62.81
PKMTR,62.81
PKMTR,62.81
PKMTR,62.81
PKMTR,62.81
PKMTR,62.81
PKMTR,62.81
PKMTR,62.81
PKMTR,62.81
PKMTR,62.81
PKMTR,62.81
PKMTR,62.81
PKMTR,62.81
PKMTR,62.81
PKMTR,62.81
PKMTR,62.81
PKMTR,62.81
PKMTR,62.81
PKMTR,62.81
PKMTR,62.81
PKMTR,62.81
PKMTR,62.81
PKMTR,62.81
PKMTR,62.81
PKMTR,62.8
PKMTR,62.8
PKMTR,62.8
PKMTR,62.8
PKMTR,62.8
PKMTR,62.8
PKMTR,62.8
PKMTR,62.8
PKMTR,62.8
PKMTR,62.8
PKMTR,62.8
PKMTR,62.8
PKMTR,62.8
PKMTR,62.8
PKMTR,62.8
PKMTR,62.8
PKMTR,62.8
PKMTR,62.8
PKMTR,62.8
PKMTR,62.8
PKMTR,62.8
PKMTR,62.8
PKMTR,62.8
PKMTR,62.8
PKMTR,62.8
PKMTR,62.8
PKMTR,62.8
PKMTR,62.79
PKMTR,62.79
PKMTR,62.79
PKMTR,62.79
PKMTR,62.79
PKMTR,62.79
PKMTR,62.78
PKMTR,62.78
PKMTR,62.78
PKMTR,62.77
PKMTR,62.77
PKMTR,62.74
PKMTR,62.73
PKMTR,62.72
PKMTR,62.69
PKMTR,62.68
PKMTR,62.64
PKMTR,62.63
PKMTR,62.62
PKMTR,62.57
PKMTR,62.54
PKMTR,62.52
PKMTR,62.5
PKMTR,62.5
PKMTR,62.49
PKMTR,62.49
PKMTR,62.49
PKMTR,62.39
PKMTR,62.39
PKMTR,62.39
PKMTR,62.38
PKMTR,62.35
PKMTR,62.34
PKMTR,62.33
PKMTR,62.33
PKMTR,62.31
PKMTR,62.31
PKMTR,62.3
PKMTR,62.3
PKMTR,62.29
PKMTR,62.24
PKMTR,62.21
PKMTR,62.18
PKMTR,62.17
PKMTR,62.17
PKMTR,62.17
PKMTR,62.16
PKMTR,62.15
PKMTR,62.14
PKMTR,62.11
PKMTR,62.1
PKMTR,62.1
PKMTR,62.1
PKMTR,62.1
PKMTR,62.1
PKMTR,62.09
PKMTR,62.09
PKMTR,62.08
PKMTR,62.07
PKMTR,62.03
PKMTR,62.03
PKMTR,62.03
PKMTR,62.03
PKMTR,62.02
PKMTR,62.01
PKMTR,62
PKMTR,61.99
PKMTR,61.98
PKMTR,61.96
PKMTR,61.96
PKMTR,61.96
PKMTR,61.95
PKMTR,61.95
PKMTR,61.93
PKMTR,61.91
PKMTR,61.91
PKMTR,61.9
PKMTR,61.88
PKMTR,61.88
PKMTR,61.82
PKMTR,61.82
PKMTR,61.8
PKMTR,61.79
PKMTR,61.76
PKMTR,61.76
PKMTR,61.75
PKMTR,61.73
PKMTR,61.72
PKMTR,61.7
PKMTR,61.68
PKMTR,61.68
PKMTR,61.67
PKMTR,61.6
PKMTR,61.57
PKMTR,61.53
PKMTR,61.45
PKMTR,61.45
PKMTR,61.35
PKMTR,61.32
PKMTR,61.3
PKMTR,61.16
PKMTR,61.07
PKMTR,61.06
PKMTR,60.66
PKMTR,60.62
PKMTR,60.35
PKMTR,60.34
PKMTR,2.96
SEM,56
SEM,55.66
SEM,55.51
SEM,55.44
SNMLP,3.6
SNMLP,3.23
SNMLP,3.03
SNMLP,3
SNMLP,3
SNMLP,2.9
SNMLP,2.9
SNMLP,2.88
SNMLP,1.91
SRI,98.83
SRI,98.76
SRI,98.75
SRI,98.67
SRI,98.55
SRI,98.54
SRI,98.48
SRI,98.42
SRI,98.3
SRI,98.19
SRI,98.18
SRI,98.12
SRI,98.01
SRI,97.88
SRI,97.88
SRI,97.82
SRI,97.75
SRI,97.68
SRI,97.57
SRI,97.45
SRI,97.45
SRI,97.45
SRI,97.45
SRI,97.45
SRI,97.41
SRI,97.4
SRI,97.4
SRI,46.54
SRI,46.25
SRI,46.01
SRI,45.98
SRI,44.71
SRI,41.21
SRI,29.4
SRI,29.36
SRI,29.27
SRI,29.2
SRI,19.98
SRI,19.17
SRI,14.98
SRI,11.48
SRI,6.77
SRI,6
SRI,5.8
SRI,5.61
SRI,3.53
SRI,3.46
SRI,2.47
SRI,2.42
SRI,0.09
SRI,0.03
SRI,0.02
SRI,0.02
SRI,0.01
SRI,0.01
SRI,0.01
SVOB,97.59
SVOB,97.52
SVOB,97.38
SVOB,97.2
SVOB,97.19
TNSTA,99.34
TNSTA,99.24
TNSTA,98.77
TNSTA,98.67
TNSTA,98.42
TNSTA,98.2
TNSTA,98.15
TNSTA,97.92
TNSTA,97.82
TNSTA,97.59
TNSTA,69.67
TNSTA,69.36
TNSTA,64.98
TNSTA,51.65
TNSTA,51.65
TNSTA,51.65
TNSTA,51.65
TNSTA,51.64
TNSTA,51.64
TNSTA,50.01
TNSTA,46.99
TNSTA,44.62
TNSTA,44.24
TNSTA,41.06
TNSTA,40.59
TNSTA,34.93
TNSTA,31
TNSTA,30.52
TNSTA,30.34
TNSTA,30.12
TNSTA,29.97
TNSTA,28.54
TNSTA,28.45
TNSTA,28.4
TNSTA,28.24
TNSTA,15.82
TNSTA,15.51
TNSTA,15.31
TNSTA,15.18
TNSTA,15.03
TNSTA,14.98
TNSTA,14.91
TNSTA,14.87
TNSTA,14.57
TNSTA,14.55
TNSTA,13.67
TNSTA,13.18
TNSTA,13.12
TNSTA,11.99
TNSTA,8.46
TNSTA,8.11
TNSTA,6.2
TNSTA,2.52
TNSTA,1.56
TNSTA,0.05
TNSTA,0.04
TNSTA,0.04
TNSTA,0.02
TNSTA,0.01
TSC,100.44
TSC,100.44
TSC,100.34
TSC,100.28
TSC,100.08
TSC,99.32
TSC,99.21
TSC,99.04
TSC,98.95
TSC,98.82
TSC,98.68
TSC,98.65
TSC,98.53
TSC,98.51
TSC,98.41
TSC,98.41
TSC,98.38
TSC,98.38
TSC,98.34
TSC,98.29
TSC,98.11
TSC,98.01
TSC,98
TSC,97.99
TSC,97.95
TSC,97.94
TSC,97.9
TSC,97.89
TSC,97.83
TSC,97.8
TSC,97.78
TSC,97.68
TSC,97.63
TSC,97.57
TSC,97.53
TSC,97.5
TSC,97.49
TSC,97.46
TSC,97.43
TSC,97.4
TSC,97.39
TSC,97.36
TSC,97.35
TSC,97.35
TSC,97.32
TSC,97.3
TSC,97.27
TSC,97.23
TSC,97.14
TSC,97.1
TSC,97.1
TSC,97.09
TSC,87.52
TSC,86.42
TSC,86.4
TSC,86.4
TSC,86.4
TSC,86.4
TSC,86.36
TSC,86.34
TTMTR,133.66
TTMTR,130.93
TTMTR,99.46
TTMTR,99.22
TTMTR,99.07
TTMTR,98.73
TTMTR,98.67
TTMTR,98.63
TTMTR,98.6
TTMTR,98.6
TTMTR,98.58
TTMTR,98.41
TTMTR,98.33
TTMTR,98.22
TTMTR,98.03
TTMTR,97.95
TTMTR,97.91
TTMTR,97.79
TTMTR,97.71
TTMTR,97.69
TTMTR,97.67
TTMTR,97.57
TTMTR,97.54
TTMTR,97.47
TTMTR,97.45
TTMTR,97.44
TTMTR,97.44
TTMTR,97.43
TTMTR,97.32
TTMTR,97.29
TTMTR,97.27
TTMTR,97.26
TTMTR,97.2
TTMTR,97.01
TTMTR,96.98
TTMTR,96.98
TTMTR,92.03
TTMTR,90.04
TTMTR,86.42
TTMTR,86.4
TTMTR,86.39
TTMTR,76.76
TTMTR,74.74
TTMTR,74.71
TTMTR,73.35
TTMTR,72.64
TTMTR,71.86
TTMTR,71.8
TTMTR,71.43
TTMTR,71.4
TTMTR,71.39
TTMTR,71.39
TTMTR,71.38
TTMTR,71.38
TTMTR,71.37
TTMTR,71.37
TTMTR,71.37
TTMTR,71.36
TTMTR,71.35
TTMTR,71.33
TTMTR,71.33
TTMTR,71.32
TTMTR,71.32
TTMTR,71.11
TTMTR,71.06
TTMTR,71.05
TTMTR,71.04
TTMTR,71.03
TTMTR,71.02
TTMTR,71
TTMTR,71
TTMTR,71
TTMTR,71
TTMTR,70.99
TTMTR,70.98
TTMTR,70.96
TTMTR,70.96
TTMTR,70.93
TTMTR,70.93
TTMTR,70.91
TTMTR,70.91
TTMTR,70.9
TTMTR,70.86
TTMTR,70.84
TTMTR,70.42
TTMTR,70.4
TTMTR,70.4
TTMTR,70.39
TTMTR,70.39
TTMTR,70.39
TTMTR,70.39
TTMTR,70.39
TTMTR,70.38
TTMTR,70.38
TTMTR,70.38
TTMTR,70.38
TTMTR,70.38
TTMTR,70.38
TTMTR,70.38
TTMTR,70.38
TTMTR,70.38
TTMTR,70.37
TTMTR,70.37
TTMTR,70.37
TTMTR,70.37
TTMTR,70.37
TTMTR,70.37
TTMTR,70.36
TTMTR,70.36
TTMTR,70.36
TTMTR,70.36
TTMTR,70.36
TTMTR,70.36
TTMTR,70.36
TTMTR,70.35
TTMTR,70.35
TTMTR,70.35
TTMTR,70.35
TTMTR,70.35
TTMTR,70.35
TTMTR,70.35
TTMTR,70.35
TTMTR,70.34
TTMTR,70.34
TTMTR,70.34
TTMTR,70.34
TTMTR,70.34
TTMTR,70.33
TTMTR,70.33
TTMTR,70.33
TTMTR,70.32
TTMTR,70.31
TTMTR,70.3
TTMTR,70.02
TTMTR,70.01
TTMTR,70.01
TTMTR,70
TTMTR,69.99
TTMTR,69.99
TTMTR,69.99
TTMTR,69.99
TTMTR,69.99
TTMTR,69.99
TTMTR,69.99
TTMTR,69.98
TTMTR,69.98
TTMTR,69.98
TTMTR,69.98
TTMTR,69.98
TTMTR,69.98
TTMTR,69.97
TTMTR,69.97
TTMTR,69.96
TTMTR,69.96
TTMTR,69.95
TTMTR,69.94
TTMTR,69.93
TTMTR,69.92
TTMTR,69.92
TTMTR,69.55
TTMTR,68.97
TTMTR,67.05
TTMTR,66.86
TTMTR,66.35
TTMTR,66.16
TTMTR,66.16
TTMTR,66.1
TTMTR,66.09
TTMTR,66.08
TTMTR,66.05
TTMTR,66.03
TTMTR,65.87
TTMTR,65.86
TTMTR,65.85
TTMTR,65.84
TTMTR,65.83
TTMTR,65.83
TTMTR,65.83
TTMTR,65.82
TTMTR,65.8
TTMTR,65.79
TTMTR,65.72
TTMTR,65.68
TTMTR,65.66
TTMTR,65.66
TTMTR,65.6
TTMTR,65.59
TTMTR,65.59
TTMTR,65.58
TTMTR,65.53
TTMTR,65.44
TTMTR,65.38
TTMTR,65.36
TTMTR,65.33
TTMTR,65.33
TTMTR,65.3
TTMTR,65.29
TTMTR,65.28
TTMTR,65.26
TTMTR,65.19
TTMTR,65.19
TTMTR,65.14
TTMTR,65.11
TTMTR,65.11
TTMTR,65.11
TTMTR,65.1
TTMTR,65.09
TTMTR,65.08
TTMTR,65.07
TTMTR,65.07
TTMTR,65.07
TTMTR,65.07
TTMTR,65.06
TTMTR,65.06
TTMTR,65.06
TTMTR,65.06
TTMTR,65.06
TTMTR,65.06
TTMTR,65.05
TTMTR,65.05
TTMTR,65.05
TTMTR,65.05
TTMTR,65.04
TTMTR,65.04
TTMTR,65.04
TTMTR,65.04
TTMTR,65.04
TTMTR,65.04
TTMTR,65.03
TTMTR,65.03
TTMTR,65.03
TTMTR,65.03
TTMTR,65.03
TTMTR,65.03
TTMTR,65.03
TTMTR,65.03
TTMTR,65.03
TTMTR,65.03
TTMTR,65.02
TTMTR,65.02
TTMTR,65.02
TTMTR,65.02
TTMTR,65.02
TTMTR,65.02
TTMTR,65.02
TTMTR,65.02
TTMTR,65.02
TTMTR,65.02
TTMTR,65.02
TTMTR,65.02
TTMTR,65.02
TTMTR,65.01
TTMTR,65.01
TTMTR,65.01
TTMTR,65.01
TTMTR,65.01
TTMTR,65.01
TTMTR,65.01
TTMTR,65.01
TTMTR,65.01
TTMTR,65.01
TTMTR,65.01
TTMTR,65.01
TTMTR,65.01
TTMTR,65.01
TTMTR,65.01
TTMTR,65.01
TTMTR,65
TTMTR,65
TTMTR,65
TTMTR,65
TTMTR,65
TTMTR,65
TTMTR,65
TTMTR,65
TTMTR,65
TTMTR,65
TTMTR,65
TTMTR,65
TTMTR,65
TTMTR,65
TTMTR,65
TTMTR,65
TTMTR,65
TTMTR,65
TTMTR,65
TTMTR,65
TTMTR,65
TTMTR,65
TTMTR,65
TTMTR,65
TTMTR,65
TTMTR,64.99
TTMTR,64.99
TTMTR,64.99
TTMTR,64.99
TTMTR,64.99
TTMTR,64.99
TTMTR,64.99
TTMTR,64.99
TTMTR,64.99
TTMTR,64.99
TTMTR,64.99
TTMTR,64.99
TTMTR,64.99
TTMTR,64.99
TTMTR,64.99
TTMTR,64.99
TTMTR,64.99
TTMTR,64.99
TTMTR,64.99
TTMTR,64.99
TTMTR,64.99
TTMTR,64.99
TTMTR,64.99
TTMTR,64.99
TTMTR,64.99
TTMTR,64.99
TTMTR,64.99
TTMTR,64.99
TTMTR,64.98
TTMTR,64.98
TTMTR,64.98
TTMTR,64.98
TTMTR,64.98
TTMTR,64.98
TTMTR,64.98
TTMTR,64.98
TTMTR,64.98
TTMTR,64.98
TTMTR,64.98
TTMTR,64.98
TTMTR,64.98
TTMTR,64.98
TTMTR,64.98
TTMTR,64.98
TTMTR,64.98
TTMTR,64.98
TTMTR,64.98
TTMTR,64.98
TTMTR,64.98
TTMTR,64.98
TTMTR,64.98
TTMTR,64.97
TTMTR,64.97
TTMTR,64.97
TTMTR,64.97
TTMTR,64.97
TTMTR,64.97
TTMTR,64.97
TTMTR,64.97
TTMTR,64.97
TTMTR,64.97
TTMTR,64.97
TTMTR,64.97
TTMTR,64.97
TTMTR,64.97
TTMTR,64.97
TTMTR,64.97
TTMTR,64.97
TTMTR,64.97
TTMTR,64.97
TTMTR,64.97
TTMTR,64.97
TTMTR,64.97
TTMTR,64.97
TTMTR,64.97
TTMTR,64.97
TTMTR,64.97
TTMTR,64.96
TTMTR,64.96
TTMTR,64.96
TTMTR,64.96
TTMTR,64.96
TTMTR,64.96
TTMTR,64.96
TTMTR,64.96
TTMTR,64.96
TTMTR,64.96
TTMTR,64.96
TTMTR,64.96
TTMTR,64.96
TTMTR,64.96
TTMTR,64.96
TTMTR,64.95
TTMTR,64.95
TTMTR,64.95
TTMTR,64.95
TTMTR,64.95
TTMTR,64.95
TTMTR,64.95
TTMTR,64.94
TTMTR,64.94
TTMTR,64.94
TTMTR,64.94
TTMTR,64.94
TTMTR,64.94
TTMTR,64.94
TTMTR,64.94
TTMTR,64.93
TTMTR,64.93
TTMTR,64.93
TTMTR,64.93
TTMTR,64.93
TTMTR,64.93
TTMTR,64.93
TTMTR,64.92
TTMTR,64.92
TTMTR,64.92
TTMTR,64.92
TTMTR,64.91
TTMTR,64.91
TTMTR,64.91
TTMTR,64.91
TTMTR,64.91
TTMTR,64.91
TTMTR,64.91
TTMTR,64.9
TTMTR,64.9
TTMTR,64.9
TTMTR,64.9
TTMTR,64.9
TTMTR,64.9
TTMTR,64.9
TTMTR,64.9
TTMTR,64.9
TTMTR,64.9
TTMTR,64.9
TTMTR,64.9
TTMTR,64.9
TTMTR,64.9
TTMTR,64.9
TTMTR,64.9
TTMTR,64.9
TTMTR,64.89
TTMTR,64.89
TTMTR,64.89
TTMTR,64.89
TTMTR,64.89
TTMTR,64.89
TTMTR,64.89
TTMTR,64.89
TTMTR,64.89
TTMTR,64.88
TTMTR,64.88
TTMTR,64.88
TTMTR,64.88
TTMTR,64.88
TTMTR,64.88
TTMTR,64.88
TTMTR,64.88
TTMTR,64.88
TTMTR,64.88
TTMTR,64.88
TTMTR,64.87
TTMTR,64.87
TTMTR,64.87
TTMTR,64.87
TTMTR,64.87
TTMTR,64.87
TTMTR,64.87
TTMTR,64.87
TTMTR,64.86
TTMTR,64.86
TTMTR,64.86
TTMTR,64.86
TTMTR,64.86
TTMTR,64.86
TTMTR,64.85
TTMTR,64.85
TTMTR,64.85
TTMTR,64.85
TTMTR,64.85
TTMTR,64.85
TTMTR,64.85
TTMTR,64.84
TTMTR,64.84
TTMTR,64.84
TTMTR,64.84
TTMTR,64.84
TTMTR,64.83
TTMTR,64.83
TTMTR,64.82
TTMTR,64.82
TTMTR,64.82
TTMTR,64.82
TTMTR,64.81
TTMTR,64.81
TTMTR,64.81
TTMTR,64.81
TTMTR,64.81
TTMTR,64.81
TTMTR,64.8
TTMTR,64.8
TTMTR,64.8
TTMTR,64.8
TTMTR,64.79
TTMTR,64.79
TTMTR,64.79
TTMTR,64.78
TTMTR,64.77
TTMTR,64.77
TTMTR,64.77
TTMTR,64.76
TTMTR,64.76
TTMTR,64.76
TTMTR,64.76
TTMTR,64.76
TTMTR,64.75
TTMTR,64.75
TTMTR,64.75
TTMTR,64.75
TTMTR,64.75
TTMTR,64.75
TTMTR,64.74
TTMTR,64.74
TTMTR,64.74
TTMTR,64.74
TTMTR,64.74
TTMTR,64.74
TTMTR,64.72
TTMTR,64.72
TTMTR,64.72
TTMTR,64.72
TTMTR,64.72
TTMTR,64.72
TTMTR,64.72
TTMTR,64.72
TTMTR,64.72
TTMTR,64.71
TTMTR,64.71
TTMTR,64.71
TTMTR,64.71
TTMTR,64.71
TTMTR,64.7
TTMTR,64.69
TTMTR,64.69
TTMTR,64.68
TTMTR,64.68
TTMTR,64.68
TTMTR,64.67
TTMTR,64.66
TTMTR,64.63
TTMTR,64.6
TTMTR,64.6
TTMTR,64.58
TTMTR,64.57
TTMTR,64.57
TTMTR,64.55
TTMTR,64.55
TTMTR,64.55
TTMTR,64.55
TTMTR,64.49
TTMTR,64.49
TTMTR,64.49
TTMTR,64.39
TTMTR,64.36
TTMTR,64.23
TTMTR,64.2
TTMTR,64.19
TTMTR,64.18
TTMTR,64.14
TTMTR,64.11
TTMTR,64.1
TTMTR,64.1
TTMTR,64.07
TTMTR,64.06
TTMTR,64.06
TTMTR,64.04
TTMTR,64
TTMTR,63.98
TTMTR,63.97
TTMTR,63.96
TTMTR,63.85
TTMTR,63.82
TTMTR,63.73
TTMTR,63.68
TTMTR,63.63
TTMTR,63.46
TTMTR,63.44
TTMTR,63.44
TTMTR,63.43
TTMTR,63.42
TTMTR,63.42
TTMTR,63.41
TTMTR,63.34
TTMTR,63.26
TTMTR,63.23
TTMTR,63.15
TTMTR,62.96
TTMTR,62.96
TTMTR,62.94
TTMTR,62.94
TTMTR,62.86
TTMTR,62.83
TTMTR,62.78
TTMTR,62.62
TTMTR,62.61
TTMTR,62.34
TTMTR,62.32
TTMTR,62.26
TTMTR,62.24
TTMTR,62.23
TTMTR,62.2
TTMTR,62.18
TTMTR,61.68
TTMTR,60.84
TTMTR,60.82
TTMTR,59.46
TTMTR,58.82
TTMTR,58.02
TTMTR,57.45
TTMTR,57.45
TTMTR,56.1
TTMTR,56.06
TTMTR,56.06
TTMTR,56.05
TTMTR,56.03
TTMTR,56
TTMTR,56
TTMTR,55.96
TTMTR,55.95
TTMTR,55.87
TTMTR,55
TTMTR,52.01
TTMTR,52.01
TTMTR,52
TTMTR,52
TTMTR,52
TTMTR,52
TTMTR,52
TTMTR,51.99
TTMTR,51.99
TTMTR,51.99
TTMTR,51.98
TTMTR,51.98
TTMTR,51.93
TTMTR,51.89
TTMTR,51.86
TTMTR,51.85
TTMTR,51.83
TTMTR,51.83
TTMTR,51.82
TTMTR,51.82
TTMTR,51.82
TTMTR,51.81
TTMTR,51.81
TTMTR,51.81
TTMTR,51.81
TTMTR,51.81
TTMTR,51.81
TTMTR,51.8
TTMTR,51.8
TTMTR,51.8
TTMTR,51.8
TTMTR,51.8
TTMTR,51.8
TTMTR,51.79
TTMTR,51.79
TTMTR,51.79
TTMTR,51.79
TTMTR,51.79
TTMTR,51.79
TTMTR,51.78
TTMTR,51.78
TTMTR,51.78
TTMTR,51.78
TTMTR,51.77
TTMTR,51.77
TTMTR,51.77
TTMTR,51.77
TTMTR,51.77
TTMTR,51.77
TTMTR,51.76
TTMTR,51.76
TTMTR,51.76
TTMTR,51.76
TTMTR,51.76
TTMTR,51.76
TTMTR,51.76
TTMTR,51.76
TTMTR,51.75
TTMTR,51.75
TTMTR,51.75
TTMTR,51.75
TTMTR,51.74
TTMTR,51.74
TTMTR,51.74
TTMTR,51.7
TTMTR,51.69
TTMTR,51.67
TTMTR,51.67
TTMTR,51.67
TTMTR,51.67
TTMTR,51.67
TTMTR,51.66
TTMTR,51.66
TTMTR,51.66
TTMTR,51.66
TTMTR,51.66
TTMTR,51.66
TTMTR,51.66
TTMTR,51.66
TTMTR,51.66
TTMTR,51.66
TTMTR,51.66
TTMTR,51.66
TTMTR,51.65
TTMTR,51.65
TTMTR,51.65
TTMTR,51.65
TTMTR,51.65
TTMTR,51.65
TTMTR,51.65
TTMTR,51.65
TTMTR,51.65
TTMTR,51.65
TTMTR,51.65
TTMTR,51.65
TTMTR,51.65
TTMTR,51.65
TTMTR,51.65
TTMTR,51.65
TTMTR,51.65
TTMTR,51.65
TTMTR,51.65
TTMTR,51.65
TTMTR,51.65
TTMTR,51.65
TTMTR,51.65
TTMTR,51.65
TTMTR,51.65
TTMTR,51.65
TTMTR,51.65
TTMTR,51.65
TTMTR,51.65
TTMTR,51.65
TTMTR,51.65
TTMTR,51.65
TTMTR,51.65
TTMTR,51.65
TTMTR,51.65
TTMTR,51.65
TTMTR,51.65
TTMTR,51.65
TTMTR,51.65
TTMTR,51.65
TTMTR,51.65
TTMTR,51.65
TTMTR,51.65
TTMTR,51.65
TTMTR,51.65
TTMTR,51.65
TTMTR,51.65
TTMTR,51.65
TTMTR,51.65
TTMTR,51.65
TTMTR,51.65
TTMTR,51.65
TTMTR,51.65
TTMTR,51.65
TTMTR,51.65
TTMTR,51.65
TTMTR,51.65
TTMTR,51.65
TTMTR,51.65
TTMTR,51.65
TTMTR,51.65
TTMTR,51.65
TTMTR,51.65
TTMTR,51.65
TTMTR,51.65
TTMTR,51.65
TTMTR,51.65
TTMTR,51.65
TTMTR,51.65
TTMTR,51.64
TTMTR,51.64
TTMTR,51.64
TTMTR,51.64
TTMTR,51.64
TTMTR,51.64
TTMTR,51.64
TTMTR,51.64
TTMTR,51.64
TTMTR,51.64
TTMTR,51.64
TTMTR,51.64
TTMTR,51.64
TTMTR,51.64
TTMTR,51.64
TTMTR,51.64
TTMTR,51.64
TTMTR,51.64
TTMTR,51.64
TTMTR,51.64
TTMTR,51.64
TTMTR,51.64
TTMTR,51.64
TTMTR,51.64
TTMTR,51.64
TTMTR,51.64
TTMTR,51.64
TTMTR,51.64
TTMTR,51.64
TTMTR,51.64
TTMTR,51.64
TTMTR,51.64
TTMTR,51.64
TTMTR,51.64
TTMTR,51.64
TTMTR,51.64
TTMTR,51.64
TTMTR,51.64
TTMTR,51.64
TTMTR,51.64
TTMTR,51.64
TTMTR,51.64
TTMTR,51.64
TTMTR,51.64
TTMTR,51.64
TTMTR,51.64
TTMTR,51.64
TTMTR,51.64
TTMTR,51.64
TTMTR,51.64
TTMTR,51.64
TTMTR,51.64
TTMTR,51.64
TTMTR,51.64
TTMTR,51.64
TTMTR,51.64
TTMTR,51.64
TTMTR,51.64
TTMTR,51.64
TTMTR,51.64
TTMTR,51.64
TTMTR,51.64
TTMTR,51.64
TTMTR,51.64
TTMTR,51.64
TTMTR,51.64
TTMTR,51.64
TTMTR,51.64
TTMTR,51.64
TTMTR,51.64
TTMTR,51.64
TTMTR,51.64
TTMTR,51.64
TTMTR,51.64
TTMTR,51.64
TTMTR,51.64
TTMTR,51.64
TTMTR,51.64
TTMTR,51.64
TTMTR,51.64
TTMTR,51.63
TTMTR,51.63
TTMTR,51.63
TTMTR,51.63
TTMTR,51.63
TTMTR,51.63
TTMTR,51.63
TTMTR,51.63
TTMTR,51.63
TTMTR,51.63
TTMTR,51.63
TTMTR,51.63
TTMTR,51.63
TTMTR,51.63
TTMTR,51.63
TTMTR,51.63
TTMTR,51.63
TTMTR,51.63
TTMTR,51.63
TTMTR,51.63
TTMTR,51.63
TTMTR,51.63
TTMTR,51.63
TTMTR,51.63
TTMTR,51.63
TTMTR,51.63
TTMTR,51.63
TTMTR,51.63
TTMTR,51.63
TTMTR,51.63
TTMTR,51.63
TTMTR,51.63
TTMTR,51.63
TTMTR,51.63
TTMTR,51.63
TTMTR,51.63
TTMTR,51.63
TTMTR,51.63
TTMTR,51.63
TTMTR,51.63
TTMTR,51.63
TTMTR,51.63
TTMTR,51.63
TTMTR,51.63
TTMTR,51.63
TTMTR,51.63
TTMTR,51.63
TTMTR,51.63
TTMTR,51.63
TTMTR,51.63
TTMTR,51.63
TTMTR,51.63
TTMTR,51.63
TTMTR,51.63
TTMTR,51.63
TTMTR,51.63
TTMTR,51.63
TTMTR,51.63
TTMTR,51.63
TTMTR,51.63
TTMTR,51.63
TTMTR,51.62
TTMTR,51.62
TTMTR,51.62
TTMTR,51.62
TTMTR,51.62
TTMTR,51.62
TTMTR,51.62
TTMTR,51.62
TTMTR,51.62
TTMTR,51.62
TTMTR,51.62
TTMTR,51.62
TTMTR,51.62
TTMTR,51.62
TTMTR,51.62
TTMTR,51.62
TTMTR,51.62
TTMTR,51.62
TTMTR,51.62
TTMTR,51.62
TTMTR,51.62
TTMTR,51.62
TTMTR,51.62
TTMTR,51.62
TTMTR,51.62
TTMTR,51.62
TTMTR,51.62
TTMTR,51.62
TTMTR,51.62
TTMTR,51.62
TTMTR,51.62
TTMTR,51.62
TTMTR,51.62
TTMTR,51.62
TTMTR,51.62
TTMTR,51.62
TTMTR,51.62
TTMTR,51.62
TTMTR,51.62
TTMTR,51.62
TTMTR,51.62
TTMTR,51.62
TTMTR,51.62
TTMTR,51.62
TTMTR,51.62
TTMTR,51.62
TTMTR,51.62
TTMTR,51.61
TTMTR,51.61
TTMTR,51.61
TTMTR,51.61
TTMTR,51.61
TTMTR,51.61
TTMTR,51.61
TTMTR,51.61
TTMTR,51.61
TTMTR,51.61
TTMTR,51.61
TTMTR,51.61
TTMTR,51.61
TTMTR,51.61
TTMTR,51.61
TTMTR,51.61
TTMTR,51.61
TTMTR,51.6
TTMTR,51.6
TTMTR,51.6
TTMTR,51.6
TTMTR,51.6
TTMTR,51.6
TTMTR,51.6
TTMTR,51.6
TTMTR,51.6
TTMTR,51.6
TTMTR,51.6
TTMTR,51.6
TTMTR,51.6
TTMTR,51.6
TTMTR,51.6
TTMTR,51.6
TTMTR,51.6
TTMTR,51.59
TTMTR,51.59
TTMTR,51.59
TTMTR,51.59
TTMTR,51.59
TTMTR,51.59
TTMTR,51.59
TTMTR,51.59
TTMTR,51.58
TTMTR,51.58
TTMTR,51.58
TTMTR,51.58
TTMTR,51.58
TTMTR,51.58
TTMTR,51.58
TTMTR,51.57
TTMTR,51.57
TTMTR,51.57
TTMTR,51.57
TTMTR,51.57
TTMTR,51.57
TTMTR,51.57
TTMTR,51.57
TTMTR,51.57
TTMTR,51.57
TTMTR,51.57
TTMTR,51.56
TTMTR,51.56
TTMTR,51.56
TTMTR,51.56
TTMTR,51.56
TTMTR,51.56
TTMTR,51.55
TTMTR,51.53
TTMTR,51.53
TTMTR,51.52
TTMTR,51.51
TTMTR,51.51
TTMTR,51.51
TTMTR,51.44
TTMTR,51.41
TTMTR,51.36
TTMTR,51.35
TTMTR,51.26
TTMTR,51.25
TTMTR,51.25
TTMTR,51.24
TTMTR,51.23
TTMTR,51.12
TTMTR,51.12
TTMTR,50.55
TTMTR,50.54
TTMTR,50.52
TTMTR,49.87
TTMTR,49.7
TTMTR,49.7
TTMTR,49.68
TTMTR,49.68
TTMTR,49.65
TTMTR,49.65
TTMTR,49.63
TTMTR,49.61
TTMTR,49.6
TTMTR,49.6
TTMTR,49.6
TTMTR,49.6
TTMTR,49.6
TTMTR,49.6
TTMTR,49.6
TTMTR,49.5
TTMTR,49.44
TTMTR,49.4
TTMTR,48.86
TTMTR,48.83
TTMTR,48.79
TTMTR,47.72
TTMTR,43.19
TTMTR,19.72
TTMTR,16.82
TTMTR,16.5
TTMTR,16.43
TTMTR,16.25
TTMTR,16.09
TTMTR,15.9
TTMTR,15.89
TTMTR,15.84
TTMTR,15.77
TTMTR,15.71
TTMTR,15.71
TTMTR,15.54
TTMTR,15.53
TTMTR,15.49
TTMTR,15.45
TTMTR,15.31
TTMTR,15.19
TTMTR,15.15
TTMTR,15.1
TTMTR,15.09
TTMTR,15.07
TTMTR,15.06
TTMTR,15.06
TTMTR,15.05
TTMTR,15.05
TTMTR,15.05
TTMTR,15.04
TTMTR,15.03
TTMTR,15.02
TTMTR,15.01
TTMTR,15.01
TTMTR,15
TTMTR,14.98
TTMTR,14.98
TTMTR,14.98
TTMTR,14.96
TTMTR,14.96
TTMTR,14.95
TTMTR,14.91
TTMTR,14.9
TTMTR,14.89
TTMTR,14.88
TTMTR,14.86
TTMTR,14.86
TTMTR,14.85
TTMTR,14.82
TTMTR,14.81
TTMTR,14.8
TTMTR,14.77
TTMTR,14.77
TTMTR,14.73
TTMTR,14.73
TTMTR,14.7
TTMTR,14.7
TTMTR,14.69
TTMTR,14.67
TTMTR,14.66
TTMTR,14.64
TTMTR,14.56
TTMTR,14.56
TTMTR,14.54
TTMTR,14.5
TTMTR,14.48
TTMTR,14.47
TTMTR,14.46
TTMTR,14.45
TTMTR,14.45
TTMTR,14.44
TTMTR,14.44
TTMTR,14.43
TTMTR,14.43
TTMTR,14.41
TTMTR,14.39
TTMTR,14.29
TTMTR,14.28
TTMTR,14.27
TTMTR,14.23
TTMTR,14.2
TTMTR,14.2
TTMTR,14.12
TTMTR,14.07
TTMTR,14.05
TTMTR,14.02
TTMTR,13.94
TTMTR,13.89
TTMTR,13.83
TTMTR,13.82
TTMTR,13.81
TTMTR,13.79
TTMTR,13.77
TTMTR,13.76
TTMTR,13.71
TTMTR,13.67
TTMTR,13.48
TTMTR,13.4
TTMTR,13.39
TTMTR,13.29
TTMTR,13.19
TTMTR,13.14
TTMTR,13.03
TTMTR,12.91
TTMTR,12.85
TTMTR,12.81
TTMTR,12.72
TTMTR,12.67
TTMTR,12.64
TTMTR,12.45
TTMTR,12.41
TTMTR,12.33
TTMTR,12.29
TTMTR,12.23
TTMTR,12.2
TTMTR,12.19
TTMTR,12.1
TTMTR,12.01
TTMTR,12.01
TTMTR,11.86
TTMTR,11.84
TTMTR,11.62
TTMTR,11.16
TTMTR,11.07
TTMTR,10.68
TTMTR,10.58
TTMTR,10.5
TTMTR,10.18
TTMTR,9.87
TTMTR,9.47
TTMTR,9.45
TTMTR,9.44
TTMTR,9.31
TTMTR,8.52
TTMTR,8.38
TTMTR,7.94
TTMTR,7.63
TTMTR,7.31
TTMTR,6.92
TTMTR,6.82
TTMTR,6.63
TTMTR,6.39
TTMTR,6.03
TTMTR,5.46
TTMTR,5.22
TTMTR,4.91
TTMTR,4.48
TTMTR,4.22
TTMTR,4.21
TTMTR,3.77
TTMTR,3.32
TTMTR,3.21
TTMTR,3.14
TTMTR,3.06
TTMTR,3.02
TTMTR,3.02
TTMTR,2.81
TTMTR,2.71
TTMTR,2.53
TTMTR,2.48
TTMTR,2.3
TTMTR,2.24
TTMTR,2.02
TTMTR,1.92
TTMTR,1.78
TTMTR,1.77
TTMTR,1.47
TTMTR,1.18
TTMTR,1.13
TTMTR,0.75
TTMTR,0.58
TTMTR,0.38
TTMTR,0.21
TTMTR,0.13
TTMTR,0.11
TTMTR,0.07
TTMTR,0.07
TTMTR,0.07
TTMTR,0.07
TTMTR,0.07
TTMTR,0.07
TTMTR,0.06
TTMTR,0.06
TTMTR,0.06
TTMTR,0.06
TTMTR,0.06
TTMTR,0.06
TTMTR,0.06
TTMTR,0.05
TTMTR,0.05
TTMTR,0.05
TTMTR,0.05
TTMTR,0.05
TTMTR,0.05
TTMTR,0.05
TTMTR,0.05
TTMTR,0.04
TTMTR,0.04
TTMTR,0.04
TTMTR,0.04
TTMTR,0.04
TTMTR,0.04
TTMTR,0.04
TTMTR,0.04
TTMTR,0.04
TTMTR,0.03
TTMTR,0.03
TTMTR,0.03
TTMTR,0.03
TTMTR,0.03
TTMTR,0.02
TTMTR,0.02
TTMTR,0.02
TTMTR,0.02
TTMTR,0.02
TTMTR,0.02
TTMTR,0.02
TTMTR,0.02
TTMTR,0.02
TTMTR,0.02
TTMTR,0.02
TTMTR,0.02
TTMTR,0.02
TTMTR,0.02
TTMTR,0.02
TTMTR,0.02
TTMTR,0.02
TTMTR,0.02
TTMTR,0.02
TTMTR,0.02
TTMTR,0.02
TTMTR,0.02
TTMTR,0.02
TTMTR,0.02
TTMTR,0.02
TTMTR,0.02
TTMTR,0.02
TTMTR,0.02
TTMTR,0.02
TTMTR,0.01
TTMTR,0.01
TTMTR,0.01
TTMTR,0.01
TTMTR,0.01
TTMTR,0.01
TTMTR,0.01
TTMTR,0.01
TTMTR,0.01
TTMTR,0.01
TTMTR,0.01
TTMTR,0.01
TTMTR,0.01
TTMTR,0.01
TTMTR,0.01
TTMTR,0.01
TTMTR,0.01
TTMTR,0.01
TTMTR,0.01
TTMTR,0.01
TTMTR,0.01
TTMTR,0.01
TTMTR,0
TTMTR,0
TTMTR,0
TTMTR,0
TTMTR,0
VOSTO,97.22
WLPIS,69.23
WLPIS,59.71
WLPIS,59.32
WLPIS,55
WLPIS,54.91
WLPIS,52
WLPIS,51.91
WLPIS,51.65
WLPIS,51.65
WLPIS,51.64
WLPIS,51.64
WLPIS,51.64
WLPIS,51.61
WLPIS,51.59
WLPIS,51.06
WLPIS,50.14
WLPIS,49.64
WLPIS,48.39
WLPIS,41.19
WLPIS,40.88
WLPIS,40.5
WLPIS,40.48
WLPIS,40.43
WLPIS,40
WLPIS,38.84
WLPIS,37.93
WLPIS,37.75
WLPIS,37.67
WLPIS,37.4
WLPIS,37.03
WLPIS,36.42
WOMRA,83.32
WOMRA,82.04
WSC,42.78
WSC,4.17
XSC,98.19
XSC,97.75
XSC,58.27
XSC,56.45
XSC,56.01
XSC,55.65
XSC,55.06
XSC,55.04
XSC,54.77
XSC,54.45
XSC,54.15
XSC,54.04
XSC,53.73
XSC,52.99
XSC,52.74
XSC,52.67
XSC,36.11
XSC,35
XSC,35
XSC,35
XSC,32.11
XSC,28.89
XSC,28.85
XSC,28.47
XSC,28.11
XSC,22.33
XSC,18.86
XSC,15.15
XSC,15.12
XSC,15.11
XSC,14.86
XSC,14.51
XSC,14.19
XSC,14.01
XSC,13.97
XSC,10.94
XSC,10.35
XSC,10.29
XSC,9.48
XSC,9.16
XSC,8.47
XSC,7.92
XSC,7.88
XSC,7.76
XSC,7.66
XSC,7.19
XSC,7.17
XSC,6.36
XSC,5.93
XSC,5.83
XSC,5.71
XSC,5.51
XSC,5.07
XSC,5.06
XSC,4.6
XSC,4.18
XSC,4.1
XSC,3.67
XSC,3.08
XSC,2.84
XSC,2.73
XSC,2.68
XSC,2.41
XSC,1.97
XSC,1.94
XSC,1.81
XSC,1.54
XSC,1.49
XSC,1.39
XSC,1.35
XSC,0.86
XSC,0.8
XSC,0.39
XSC,0.12
XSC,0.09
XSC,0.08
XSC,0.07
XSC,0.06
XSC,0.06
XSC,0.06
XSC,0.05
XSC,0.05
XSC,0.04
XSC,0.04
XSC,0.03
XSC,0.02
XSC,0.02
XSC,0.02
XSC,0.01
XSC,0.01
XSC,0.01
XSC,0.01
XSC,0.01
XSC,0.01
XSC,0.01
XSC,0.01
XSC,0.01
XSC,0.01
XSC,0
XSC,0
XSC,0
XSC,0
XSC,0
YAVNE,143.29
YAVNE,143.17
YAVNE,142.82
YUN,97.41
YUN,97.21
AFETR,0.01
AFETR,0.02
AFETR,0.02
AFETR,0.03
AFETR,0.03
AFETR,0.04
AFETR,0.05
AFETR,0.06
AFETR,6.03
AFETR,28.91
AFETR,51.64
AFETR,51.64
AFETR,51.64
AFETR,55.02
AFWTR,86.4
AFWTR,86.4
AFWTR,89
AFWTR,92.01
AFWTR,97.45
AFWTR,97.77
AFWTR,97.89
FRGUI,0.01
FRGUI,0.02
FRGUI,0.03
FRGUI,0.04
FRGUI,0.05
FRGUI,56.44
FRGUI,96.73
FRGUI,97.95
FRGUI,98.73
JSC,50.01
JSC,63.41
JSC,97.36
JSC,97.37
JSC,97.38
JSC,97.38
JSC,97.41
JSC,97.51
JSC,97.52
JSC,97.62
JSC,98.03
JSC,98.03
JSC,98.21
JSC,98.27
JSC,99.92
KSCUT,30.94
KSCUT,97.41
PKMTR,64.79
PKMTR,64.83
PKMTR,67.15
PKMTR,82.51
PKMTR,96.57
PKMTR,98.63
RLLC,82.91
RLLC,85.03
RLLC,85.04
SRI,0.05
SRI,0.18
SRI,2.77
SRI,28.96
SRI,97.46
SRI,97.81
SRI,97.97
TNSTA,51.64
TNSTA,97.83
TSC,97.41
TSC,97.55
TSC,98.01
TSC,98.15
TSC,98.59
TSC,99.35
TTMTR,0.04
TTMTR,0.17
TTMTR,51.64
TTMTR,51.64
TTMTR,51.64
TTMTR,51.64
TTMTR,51.64
TTMTR,51.64
VOSTO,97.45
VOSTO,97.47
WLPIS,51.64
WLPIS,51.64
XSC,0.03
XSC,0.1
XSC,1.89
XSC,2.95
XSC,35
XSC,35.02
XSC,54.89
XSC,54.95
XSC,54.96
XSC,55
XSC,55.03
XSC,55.04
XSC,55.04
XSC,55.15
XSC,55.18